acyl_chlorides,amines,split,pred_base,pred_delta,pred_nmr,true_nmr
1,1,TRAIN,2.7639937,1.0873072502843404,3.8513009502843403,6.110315012858103
1,3,TRAIN,1.3411299,1.2799353289722695,2.6210652289722693,1.997105581511684
1,4,TRAIN,2.5104976,1.1750530075630308,3.6855506075630307,4.415005552520507
1,5,TRAIN,1.295568,1.3149188896289288,2.6104868896289286,1.8144500791477534
1,6,TRAIN,1.2592815,0.7138369314488595,1.9731184314488595,1.3093323199832623
1,7,TRAIN,1.7930702,0.634473718842469,2.427543918842469,2.92752837645916
1,8,TRAIN,1.1092144,0.2267095418983991,1.335923941898399,-0.07828591839854415
1,9,TRAIN,1.2195622,-0.43202552359613877,0.7875366764038612,1.0822457512478119
1,10,TRAIN,1.801972,0.7340741974699685,2.536046197469968,2.9213534955048934
1,11,TRAIN,1.1394708,0.8012633812436594,1.9407341812436594,-0.17043251240154111
1,12,TRAIN,1.1008606,0.6234697963437403,1.7243303963437404,0.7996220750669508
1,13,TRAIN,1.8543106,0.9725839074253781,2.8268945074253784,3.389661093843825
1,14,TRAIN,1.1493411,0.12347027744369576,1.2728113774436958,1.1289798252845058
1,15,TRAIN,1.0629165,1.2007047716824863,2.2636212716824864,0.3317468036138815
1,16,TRAIN,3.2170804,0.48695057440757417,3.704030974407574,
1,17,TRAIN,1.2013887,0.978566866096608,2.1799555660966083,1.9057724441650206
1,18,TRAIN,1.0709791,1.110740038331746,2.1817191383317462,0.6534183383309484
1,19,TRAIN,2.9618926,0.8721437997061154,3.8340363997061155,
1,20,TRAIN,1.0500361,0.859299805204691,1.909335905204691,-0.8011779247736506
1,21,TRAIN,1.6504122,0.783048542089313,2.433460742089313,2.073549215974998
1,22,TRAIN,2.994046,0.9332819776420309,3.927327977642031,
1,23,TRAIN,1.1316005,0.16963579889642055,1.3012362988964206,1.5810795893290457
1,24,TRAIN,1.1709492,1.153641567396273,2.324590767396273,1.6856023400616287
1,25,TRAIN,1.9624612,1.2198360005673439,3.1822972005673438,2.946836103766162
1,26,TRAIN,1.6024269,1.2178928796781876,2.8203197796781874,2.333812405410618
1,27,TRAIN,1.2255137,-0.07359710708671185,1.1519165929132882,1.2750834317838888
1,28,TRAIN,1.5382586,1.0499474403636122,2.5882060403636125,2.2005855894683983
1,29,TRAIN,0.91372633,-0.2545909407640248,0.6591353892359753,-1.1220856448537517
1,30,TRAIN,0.96514654,0.8053290454372926,1.7704755854372927,-0.013693327132002454
1,31,TRAIN,1.2063568,-0.30476644333939484,0.9015903566606052,1.3175068256929046
1,32,TRAIN,0.9044119,0.21935561951335014,1.12376751951335,-0.688557728226138
1,33,TRAIN,1.0081524,1.1871206824587222,2.195273082458722,-0.9926319651308777
1,35,TRAIN,1.2197635,1.165955703268517,2.385719203268517,1.388367211280821
1,36,TRAIN,1.0337735,0.8058030025850429,1.8395765025850428,-2.049494465311884
1,37,TEST,1.3567358,0.8259750467912386,2.1827108467912386,2.470892238402422
1,38,TEST,3.4642594,-0.11059545942593063,3.3536639405740694,7.692279186179907
1,39,TEST,2.8629422,0.910843347835026,3.773785547835026,4.931781102080314
1,40,TEST,1.0397747,0.9213496340929246,1.9611243340929245,2.5394737460999273
1,41,TEST,0.7431234,0.5675585100676561,1.310681910067656,0.36046774217742855
1,42,TEST,0.88132274,1.1675274263276552,2.048850166327655,0.20465366200036514
1,43,TEST,2.3680904,1.099790071338818,3.467880471338818,5.286424931029873
1,44,TEST,2.2066114,1.1012534845673652,3.307864884567365,3.7706022880461063
1,45,TEST,1.0252192,0.8192416253679764,1.8444608253679764,1.2624020769493287
1,46,TEST,1.7092493,0.8921352482521256,2.601384548252126,2.3924166561842335
1,47,TEST,1.5549967,0.8617299221155967,2.416726622115597,2.3399868451480463
1,48,TEST,1.3569224,0.6096686084846317,1.9665910084846316,2.0029114076898864
2,1,TRAIN,0.726513,1.0987759181705434,1.8252889181705434,
2,3,TRAIN,1.3506209,1.291406934427993,2.642027834427993,1.9238982259184862
2,4,TRAIN,2.366616,1.186517513892413,3.553133513892413,
2,5,TRAIN,1.2731221,1.3263820320867477,2.5995041320867474,
2,6,TRAIN,1.3226702,0.7253056343061277,2.0479758343061274,
2,7,TRAIN,1.697051,0.645935479943192,2.342986479943192,
2,8,TRAIN,1.0574955,0.23817829721226635,1.2956737972122663,
2,9,TRAIN,1.1420542,-0.42055598143329265,0.7214982185667074,
2,10,TRAIN,1.6927071,0.7455446663660563,2.438251766366056,
2,11,TRAIN,1.0437006,0.8127324512971184,1.8564330512971183,
2,12,TRAIN,1.0195452,0.6349399854713025,1.6544851854713025,
2,13,TRAIN,1.5842564,0.9840546735755251,2.568311073575525,
2,14,TRAIN,1.1598063,0.134939452410352,1.294745752410352,
2,15,TRAIN,1.0043827,1.2121713063336803,2.2165540063336806,
2,16,TRAIN,3.3126779,0.49841590255700075,3.811093802557001,
2,17,TRAIN,1.0989387,0.990035918664534,2.088974618664534,
2,18,TRAIN,1.009742,1.1222135671960847,2.1319555671960844,
2,20,TRAIN,1.0320846,0.8707686479462224,1.9028532479462223,
2,21,TRAIN,1.4627959,0.7945185039049476,2.2573144039049478,
2,22,TRAIN,3.1106668,0.9447492641711377,4.055416064171138,
2,23,TRAIN,1.1360657,0.18110472906561625,1.3171704290656163,
2,24,TRAIN,1.0671772,1.1651144667814282,2.2322916667814283,
2,25,TRAIN,1.7615331,1.23130590992638,2.9928390099263797,
2,26,TRAIN,1.4653642,1.229366513455723,2.694730713455723,
2,27,TRAIN,1.0912516,-0.06212931347715189,1.0291222865228482,
2,28,TRAIN,1.4258823,1.061421091626681,2.487303391626681,
2,29,TRAIN,0.90330285,-0.24312192316716486,0.6601809268328351,
2,30,TRAIN,0.92985475,0.8167898623192409,1.746644612319241,
2,31,TRAIN,0.9393374,-0.29329099106644163,0.6460464089335584,
2,32,TRAIN,0.90334636,0.23082941066068186,1.1341757706606819,
2,33,TRAIN,0.973735,1.198589717541115,2.172324717541115,
2,35,TRAIN,1.1735122,1.1774225876303683,2.3509347876303686,
2,36,TRAIN,1.0164955,0.8172756396872054,1.8337711396872054,
2,37,TEST,1.4819685,0.8374359511008511,2.3194044511008514,2.531726620431891
3,1,TRAIN,0.3310782,0.9941814706058025,1.3252596706058024,
3,3,TRAIN,0.974589,1.1868077657693799,2.16139676576938,2.1071053456623092
3,4,TRAIN,1.9599165,1.0819244826558339,3.0418409826558337,
3,5,TRAIN,0.9674624,1.2217870074994228,2.189249407499423,
3,6,TRAIN,0.86782426,0.6207105048056056,1.4885347648056055,
3,7,TRAIN,1.4429135,0.541349984971276,1.984263484971276,
3,8,TRAIN,0.68678856,0.13357919849578392,0.8203677584957839,
3,9,TRAIN,0.84113294,-0.525152282464517,0.3159806575354831,
3,10,TRAIN,1.4202654,0.6409490997272123,2.061214499727212,
3,11,TRAIN,0.68013585,0.7081374966519243,1.3882733466519244,
3,12,TRAIN,0.6709491,0.5303410091535503,1.2012901091535504,
3,13,TRAIN,1.2155727,0.8794533192253038,2.095026019225304,
3,14,TRAIN,0.7103528,0.03034425296769827,0.7406970529676983,
3,15,TRAIN,0.5604495,1.107576264260822,1.668025764260822,
3,16,TRAIN,2.7962003,0.39382792463941874,3.190028224639419,
3,17,TRAIN,0.7531346,0.8854352112790287,1.6385698112790288,
3,18,TRAIN,0.63037765,1.017614398537471,1.647992048537471,
3,20,TRAIN,0.5978754,0.7661720671464729,1.3640474671464728,
3,21,TRAIN,1.1246761,0.6899211012851532,1.8145972012851532,
3,22,TRAIN,2.91299,0.840152386117329,3.753142386117329,
3,23,TRAIN,0.7534122,0.07651000173234968,0.8299222017323497,
3,24,TRAIN,0.6890036,1.0605191099689786,1.7495227099689785,
3,25,TRAIN,1.3538831,1.1267081226248625,2.4805912226248625,
3,26,TRAIN,1.1135998,1.1247743390102545,2.2383741390102543,
3,27,TRAIN,0.811296,-0.16671405657115512,0.6445819434288449,
3,28,TRAIN,1.0870787,0.956826783946203,2.0439054839462028,
3,29,TRAIN,0.73869216,-0.3477168253557603,0.3909753346442397,
3,30,TRAIN,0.75385606,0.7122057487044211,1.466061808704421,
3,31,TRAIN,0.7126218,-0.3978880439755792,0.3147337560244208,
3,32,TRAIN,0.6474059,0.12621371817351434,0.7736196181735143,
3,33,TRAIN,0.73796177,1.0939918602974665,1.8319536302974666,
3,35,TRAIN,0.83333474,1.0728245030747923,1.9061592430747922,
3,36,TRAIN,0.7768464,0.7126772403920385,1.4895236403920387,
3,37,TEST,1.1427848,0.7328371671239604,1.8756219671239605,1.6920680390810507
4,1,TRAIN,1.4585559,1.0797599633629482,2.538315863362948,
4,3,TRAIN,2.2789848,1.272395665743205,3.551380465743205,4.224094229796619
4,4,TRAIN,3.0763881,1.1675081161596408,4.243896216159641,
4,5,TRAIN,2.3221354,1.3073752047273066,3.6295106047273067,
4,6,TRAIN,2.0476584,0.7062891024759486,2.7539475024759485,
4,7,TRAIN,2.662851,0.6269182137206322,3.289769213720632,
4,8,TRAIN,1.6707327,0.21916444066861418,1.8898971406686143,
4,9,TRAIN,2.0025964,-0.439569278439893,1.5630271215601068,
4,10,TRAIN,2.7020867,0.7265286591018625,3.4286153591018627,
4,11,TRAIN,1.8153112,0.7937183149849409,2.609029514984941,
4,12,TRAIN,1.9641508,0.6159240656347729,2.580074865634773,
4,13,TRAIN,2.6536474,0.965040222523756,3.618687622523756,
4,14,TRAIN,1.9335473,0.11592075237409771,2.049468052374098,
4,15,TRAIN,1.8912255,1.1931579218994157,3.0843834218994157,
4,17,TRAIN,2.2036016,0.971011256061574,3.174612856061574,
4,18,TRAIN,1.9342461,1.103194639847903,3.037440739847903,
4,20,TRAIN,1.8372748,0.8517498604823044,2.6890246604823043,
4,21,TRAIN,2.4783642,0.7754968662991728,3.253861066299173,
4,22,TRAIN,3.0880885,0.9257274167389684,4.013815916738968,
4,23,TRAIN,1.93595,0.1620882322065027,2.0980382322065028,
4,24,TRAIN,2.0971355,1.146105873383168,3.2432413733831678,
4,25,TRAIN,2.8219721,1.2122890283855434,4.034261128385543,
4,26,TRAIN,2.529009,1.2103530590793272,3.739362059079327,
4,27,TRAIN,2.012142,-0.08114607261925899,1.9309959273807409,
4,28,TRAIN,2.3976917,1.0423969011331082,3.4400886011331084,
4,29,TRAIN,1.7242311,-0.26213831511308117,1.4620927848869187,
4,30,TRAIN,1.91922,0.7977838043232452,2.7170038043232454,
4,31,TRAIN,2.1555603,-0.31231672028690616,1.8432435797130937,
4,32,TRAIN,1.8995129,0.2118055174211677,2.1113184174211677,
4,33,TRAIN,1.8273699,1.1795629741597446,3.0069328741597445,
4,35,TRAIN,2.2612023,1.1584010374522573,3.419603337452257,
4,36,TRAIN,1.7898735,0.7982576215867332,2.5881311215867333,
4,37,TEST,2.5351102,0.8184047838796666,3.3535149838796667,4.618086411254637
5,1,TRAIN,1.6005571,1.038133944075594,2.638691044075594,
5,3,TRAIN,2.176941,1.230758683026746,3.407699683026746,3.198746584239693
5,5,TRAIN,2.1951153,1.2657438348668966,3.4608591348668964,
5,6,TRAIN,1.7442207,0.6646646044299529,2.408885304429953,
5,7,TRAIN,2.4035988,0.5852935583048411,2.9888923583048412,
5,8,TRAIN,1.9277756,0.17753592095006132,2.1053115209500612,
5,9,TRAIN,1.9266222,-0.4812001237343173,1.4454220762656826,
5,10,TRAIN,2.4139893,0.6849061194355479,3.098895419435548,
5,11,TRAIN,1.6832777,0.7520938344244779,2.435371534424478,
5,12,TRAIN,1.8775107,0.5742981162895497,2.4518088162895495,
5,13,TRAIN,2.5452995,0.923409289801667,3.468708789801667,
5,14,TRAIN,2.0472836,0.07430678061888463,2.1215903806188847,
5,15,TRAIN,1.7811782,1.1515328643163687,2.9327110643163685,
5,17,TRAIN,1.9503256,0.9293925457269556,2.8797181457269554,
5,18,TRAIN,1.8892708,1.0615678861681683,2.9508386861681686,
5,20,TRAIN,1.831023,0.8101323566494529,2.641155356649453,
5,21,TRAIN,2.4940476,0.7338763549546692,3.227923954954669,
5,23,TRAIN,2.0541785,0.12046228286127958,2.1746407828612795,
5,24,TRAIN,1.9070098,1.1044754127704666,3.0114852127704665,
5,25,TRAIN,2.4375176,1.170666541175827,3.608184141175827,
5,26,TRAIN,2.4201798,1.168722003958509,3.588901803958509,
5,27,TRAIN,2.237095,-0.12277104277464135,2.1143239572253587,
5,28,TRAIN,2.3074918,1.0007741341548657,3.308265934154866,
5,29,TRAIN,2.1967106,-0.3037508355690668,1.892959764430933,
5,30,TRAIN,2.2724075,0.7561589565665927,3.0285664565665926,
5,31,TRAIN,2.4748344,-0.35394632410849747,2.1208880758915027,
5,32,TRAIN,2.2819424,0.17015227315914805,2.452094673159148,
5,33,TRAIN,1.945665,1.1379451031307037,3.0836101031307037,
5,35,TRAIN,2.2104673,1.1167782704740152,3.327245570474015,
5,36,TRAIN,2.199888,0.7566284723889964,2.9565164723889965,
5,37,TEST,2.0653706,0.7767924382790099,2.84216303827901,3.0062715398615154
6,1,TRAIN,0.7454099,0.9726974983296017,1.7181073983296016,
6,3,TRAIN,1.2242445,1.1653296336611545,2.3895741336611547,2.334761824689267
6,4,TRAIN,2.248303,1.0604491832039322,3.308752183203932,
6,5,TRAIN,1.1897479,1.200303017737689,2.390050917737689,
6,6,TRAIN,1.2028145,0.5992250637446443,1.8020395637446442,
6,7,TRAIN,1.6809785,0.5198594905913176,2.2008379905913174,
6,8,TRAIN,0.91955054,0.1120956633579051,1.031646203357905,
6,9,TRAIN,1.0306928,-0.5466403288698745,0.4840524711301255,
6,10,TRAIN,1.6743243,0.6194655296182674,2.2937898296182677,
6,11,TRAIN,0.83455294,0.6866552904145427,1.5212082304145427,
6,12,TRAIN,0.8623492,0.5088586980029715,1.3712078980029716,
6,13,TRAIN,1.496553,0.8579723544607551,2.354525354460755,
6,14,TRAIN,0.93489075,0.008855577083157762,0.9437463270831578,
6,15,TRAIN,0.8205422,1.0860912778237153,1.9066334778237153,
6,17,TRAIN,0.95774573,0.8639552257043204,1.8217009557043204,
6,18,TRAIN,0.86262715,0.9961281706275313,1.8587553206275313,
6,20,TRAIN,0.9225966,0.744685524496941,1.667282124496941,
6,21,TRAIN,1.4037515,0.6684397343533486,2.0721912343533484,
6,23,TRAIN,1.0185528,0.05502379130794255,1.0735765913079425,
6,24,TRAIN,0.9173592,1.0390380927478313,1.9563972927478313,
6,25,TRAIN,1.7079197,1.1052247448567791,2.8131444448567793,
6,26,TRAIN,1.4128383,1.103291310952828,2.516129610952828,
6,27,TRAIN,0.98347044,-0.188208520167072,0.7952619198329279,
6,28,TRAIN,1.3537982,0.9353402587822042,2.289138458782204,
6,29,TRAIN,0.7934283,-0.3692047668479206,0.4242235331520794,
6,30,TRAIN,0.8239209,0.6907202202157956,1.5146411202157957,
6,31,TRAIN,1.0642004,-0.41937880063853017,0.6448215993614699,
6,32,TRAIN,0.7274054,0.10472369590294361,0.8321290959029436,
6,33,TRAIN,0.8076539,1.0725081153331923,1.8801620153331924,
6,35,TRAIN,1.0895355,1.051338432534648,2.1408739325346478,
6,36,TRAIN,0.9506346,0.6911853646549839,1.6418199646549838,
6,37,TEST,1.4135649,0.7113598043791813,2.1249247043791812,2.1029261078026464
7,1,TRAIN,0.7918576,1.111665968061438,1.9035235680614382,
7,3,TRAIN,1.1629883,1.3042959177013835,2.4672842177013834,1.429473575213824
7,4,TRAIN,2.1782994,1.199410676208157,3.377710076208157,
7,5,TRAIN,1.0713396,1.3392748097207692,2.410614409720769,
7,6,TRAIN,1.1217971,0.7381953519718985,1.8599924519718984,
7,7,TRAIN,1.366831,0.6588272609018397,2.0256582609018396,
7,8,TRAIN,1.2806746,0.25106860938615405,1.531743209386154,
7,9,TRAIN,1.1960524,-0.40766671839137647,0.7883856816086234,
7,10,TRAIN,1.3560936,0.7584339818645711,2.114527581864571,
7,11,TRAIN,1.2384598,0.8256231131816634,2.0640829131816636,
7,12,TRAIN,1.3032422,0.6478284441787068,1.9510706441787067,
7,13,TRAIN,1.2455304,0.9969427825722721,2.2424731825722723,
7,14,TRAIN,1.1899687,0.1478289252786622,1.3377976252786623,
7,15,TRAIN,1.2406228,1.2250665494278348,2.4656893494278345,
7,16,TRAIN,3.735061,0.5113081905961021,4.246369190596102,
7,17,TRAIN,1.2245101,1.002924045146814,2.2274341451468143,
7,18,TRAIN,1.2901758,1.1350994205590927,2.425275220559093,
7,19,TRAIN,3.6909542,0.8965054025961359,4.587459602596136,
7,20,TRAIN,1.3110545,0.8836571765957584,2.1947116765957584,
7,21,TRAIN,1.2139006,0.8074087811077697,2.02130938110777,
7,22,TRAIN,3.897796,0.957640870274457,4.855436870274457,
7,23,TRAIN,1.1729693,0.19398010859444037,1.3669494085944405,
7,24,TRAIN,1.1542616,1.1780059679715507,2.3322675679715505,
7,25,TRAIN,1.3806616,1.2441943336627186,2.624855933662719,
7,26,TRAIN,1.218345,1.2422524367608627,2.460597436760863,
7,27,TRAIN,1.3799604,-0.049236098704809717,1.3307243012951904,
7,28,TRAIN,1.1537058,1.0743074520701419,2.228013252070142,
7,29,TRAIN,1.4020689,-0.23023098151409416,1.1718379184859058,
7,30,TRAIN,1.3418976,0.8296897740506695,2.1715873740506693,
7,31,TRAIN,1.2420719,-0.2803869177781926,0.9616849822218074,
7,32,TRAIN,1.4241704,0.24370477270397295,1.667875172703973,
7,33,TRAIN,1.3622404,1.2114762878109704,2.57371668781097,
7,35,TRAIN,1.3024923,1.1903102769743268,2.4928025769743267,
7,36,TRAIN,1.4550202,0.8301618252753382,2.285182025275338,
7,37,TEST,1.3153802,0.8503284664518795,2.16570866645188,1.2038127915245707
7,56,TEST,2.1242118,-1.0343633098104914,1.0898484901895085,
8,1,TRAIN,0.7041532,1.0264493280337827,1.7306025280337827,
8,3,TRAIN,1.2862188,1.2190752560011697,2.50529405600117,2.3398134380841644
8,4,TRAIN,2.3313508,1.1141921827140182,3.4455429827140183,
8,5,TRAIN,1.2786872,1.2540599707029982,2.532747170702998,
8,6,TRAIN,1.2160468,0.6529699866633454,1.8690167866633454,
8,7,TRAIN,1.8057699,0.5736100788226657,2.3793799788226657,
8,8,TRAIN,0.90155584,0.16585564132039954,1.0674114813203994,
8,9,TRAIN,1.1039832,-0.49288731014945864,0.6110958898505414,
8,10,TRAIN,1.8001385,0.6732229372074312,2.4733614372074313,
8,11,TRAIN,0.8852711,0.7404069802344608,1.6256780802344608,
8,12,TRAIN,0.947128,0.5626076775652962,1.5097356775652961,
8,13,TRAIN,1.622721,0.9117244814189949,2.534445481418995,
8,14,TRAIN,1.0668747,0.06260850837590892,1.129483208375909,
8,15,TRAIN,0.79044175,1.1398486504418135,1.9302904004418135,
8,16,TRAIN,3.1735883,0.42609106097352667,3.5996793609735267,
8,17,TRAIN,1.0747707,0.9177039080125868,1.9924746080125868,
8,18,TRAIN,0.82424057,1.049879423309128,1.874119993309128,
8,20,TRAIN,0.8321332,0.7984363750112826,1.6305695750112825,
8,21,TRAIN,1.5442817,0.7221919312537199,2.26647363125372,
8,23,TRAIN,1.0769756,0.10877602317937951,1.1857516231793794,
8,24,TRAIN,1.0538617,1.092790849185254,2.146652549185254,
8,25,TRAIN,1.8004929,1.1589813131403655,2.9594742131403655,
8,26,TRAIN,1.4822662,1.157037877511618,2.6393040775116177,
8,27,TRAIN,0.98884046,-0.13445398020529753,0.8543864797947025,
8,28,TRAIN,1.4785247,0.9890926305379044,2.4676173305379043,
8,29,TRAIN,0.8005102,-0.31545141590238,0.48505878409761993,
8,30,TRAIN,0.6561227,0.7444679058486887,1.4005906058486888,
8,31,TRAIN,0.85881126,-0.3656219176153521,0.49318934238464784,
8,32,TRAIN,0.7416862,0.15848279958879496,0.9001689995887949,
8,33,TRAIN,0.7533132,1.1262582664262193,1.8795714664262193,
8,35,TRAIN,1.1785412,1.1050931473517513,2.283634347351751,
8,36,TRAIN,0.9018837,0.7449443459421059,1.6468280459421059,
8,37,TEST,1.5124948,0.7651049546098094,2.2775997546098097,2.4611858564949154
9,1,TRAIN,0.3546857,1.050119625969005,1.4048053259690052,
9,3,TRAIN,0.82777405,1.242748211737387,2.070522261737387,1.1844535368795617
9,4,TRAIN,1.722797,1.1378612042053415,2.8606582042053414,
9,5,TRAIN,0.69887245,1.2777239913319236,1.9765964413319237,
9,6,TRAIN,0.76862776,0.6766415260714007,1.4452692860714007,
9,7,TRAIN,1.1695137,0.5972768621657827,1.7667905621657827,
9,8,TRAIN,0.7135709,0.18951959200719282,0.9030904920071928,
9,9,TRAIN,0.9230294,-0.469214371898774,0.453815028101226,
9,10,TRAIN,1.1324246,0.6968861360163117,1.8293107360163117,
9,11,TRAIN,0.70158476,0.7640759492691855,1.4656607092691856,
9,12,TRAIN,0.7172404,0.5862849871991958,1.3035253871991959,
9,13,TRAIN,0.9114814,0.9354006020366601,1.84688200203666,
9,14,TRAIN,0.7381533,0.08628092206060778,0.8244342220606078,
9,15,TRAIN,0.7327937,1.163513387977586,1.896307087977586,
9,16,TRAIN,3.4515407,0.4497591032750097,3.9012998032750095,
9,17,TRAIN,0.55014104,0.9413735240120276,1.4915145640120275,
9,18,TRAIN,0.73212886,1.0735558236953189,1.8056846836953189,
9,20,TRAIN,0.67750216,0.8221171292951559,1.4996192892951559,
9,21,TRAIN,0.7058099,0.7458635755749725,1.4516734755749725,
9,22,TRAIN,3.167605,0.8960931817959938,4.063698181795994,
9,23,TRAIN,0.85576457,0.13244721287677796,0.9882117828767779,
9,24,TRAIN,0.4687152,1.116456408541071,1.5851716085410712,
9,25,TRAIN,1.0179213,1.1826537093395313,2.2005750093395315,
9,26,TRAIN,0.7805165,1.1807018631694772,1.9612183631694773,
9,27,TRAIN,0.9230202,-0.11078726680431172,0.8122329331956882,
9,28,TRAIN,0.6902237,1.0127633481259153,1.7029870481259153,
9,29,TRAIN,0.90033734,-0.2917752253425836,0.6085621146574164,
9,30,TRAIN,0.912968,0.7681429073922508,1.6811109073922508,
9,31,TRAIN,0.77676743,-0.3419537179440728,0.4348137120559272,
9,32,TRAIN,0.7676214,0.18215215330524304,0.949773553305243,
9,33,TRAIN,0.9310993,1.149927829969061,2.081027129969061,
9,35,TRAIN,0.6006667,1.1287638124831636,1.7294305124831637,
9,36,TRAIN,0.82639897,0.768616007748891,1.5950149777488911,
9,37,TEST,0.7568327,0.7887771934391794,1.5456098934391793,0.9175299637091059
10,1,TRAIN,0.0588367,1.1157072683518106,1.1745439683518106,
10,3,TRAIN,1.4214308,1.3083369382232295,2.7297677382232295,2.8353111421383623
10,4,TRAIN,2.603434,1.2034477799706425,3.8068817799706425,
10,5,TRAIN,1.5287508,1.3433122107373134,2.8720630107373135,
10,6,TRAIN,0.5796509,0.7422258287174297,1.3218767287174296,
10,7,TRAIN,2.0752368,0.6628545028237913,2.738091302823791,
10,8,TRAIN,0.5674555,0.25510130679435816,0.8225568067943582,
10,9,TRAIN,0.83868897,-0.40363498268747966,0.4350539873125203,
10,10,TRAIN,2.0384996,0.7624741980519056,2.800973798051906,
10,11,TRAIN,0.8251363,0.8296597623202939,1.654796062320294,
10,12,TRAIN,1.0480201,0.6518678210604638,1.6998879210604638,
10,13,TRAIN,1.9178803,1.0009786448619242,2.918858944861924,
10,14,TRAIN,0.92631066,0.15185837037775451,1.0781690303777545,
10,15,TRAIN,0.79489577,1.2291018346949025,2.0239976046949026,
10,16,TRAIN,0.9234091,0.5153364816500252,1.4387455816500252,
10,17,TRAIN,1.6198151,1.006963264658776,2.626778364658776,
10,18,TRAIN,0.9049516,1.1391405984507346,2.0440921984507345,
10,20,TRAIN,0.64646924,0.8876979173490791,1.5341671573490792,
10,21,TRAIN,2.185273,0.8114373869012845,2.9967103869012846,
10,22,TRAIN,1.824819,0.9616731480298726,2.7864921480298728,
10,23,TRAIN,0.8675302,0.1980164080224145,1.0655466080224145,
10,24,TRAIN,1.3262211,1.1820431241906344,2.5082642241906346,
10,25,TRAIN,1.9827868,1.2482326089559055,3.2310194089559054,
10,26,TRAIN,1.6691383,1.246289802806341,2.9154281028063407,
10,27,TRAIN,0.88584775,-0.045198750144864075,0.840648999855136,
10,28,TRAIN,2.0103939,1.0783441536653715,3.0887380536653715,
10,29,TRAIN,0.5959164,-0.22618305420676732,0.3697333457932327,
10,30,TRAIN,0.25345683,0.8337233457355171,1.087180175735517,
10,31,TRAIN,0.62977916,-0.27638508233548853,0.3533940776645115,
10,32,TRAIN,0.5750295,0.24774825868595274,0.8227777586859527,
10,33,TRAIN,0.5780509,1.2155173258183498,1.7935682258183498,
10,35,TRAIN,1.3939133,1.194348027701528,2.588261327701528,
10,36,TRAIN,0.6051634,0.8341952920469882,1.439358692046988,
10,37,TEST,1.7260373,0.8543619157379969,2.580399215737997,2.9419886110440445
11,1,TRAIN,2.1285312,1.0991893034568223,3.227720503456822,
11,3,TRAIN,2.6367195,1.2918191132125045,3.9285386132125044,4.079729953852458
11,4,TRAIN,2.9928901,1.1869306368956987,4.1798207368956986,
11,5,TRAIN,2.7069237,1.326794385726588,4.033718085726588,
11,6,TRAIN,2.6365438,0.725711448356678,3.362255248356678,
11,7,TRAIN,2.870423,0.6463448260713798,3.51676782607138,
11,8,TRAIN,2.4288456,0.23859320373990434,2.667438803739904,
11,9,TRAIN,2.33285,-0.4201454113178045,1.9127045886821956,
11,10,TRAIN,2.8633995,0.745957999195737,3.609357499195737,
11,11,TRAIN,2.3860955,0.8131483195290636,3.199243819529064,
11,12,TRAIN,2.3945465,0.635347740416,3.029894240416,
11,13,TRAIN,2.7768645,0.984461344417185,3.761325844417185,
11,14,TRAIN,2.3440385,0.135352050847652,2.479390550847652,
11,15,TRAIN,2.3398957,1.2125862303468509,3.552481930346851,
11,16,TRAIN,3.001109,0.4988314210782887,3.4999404210782887,
11,17,TRAIN,2.4581106,0.9904443555450135,3.4485549555450135,
11,18,TRAIN,2.3069859,1.1226220565331624,3.4296079565331623,
11,20,TRAIN,2.3426325,0.8711801972515514,3.2138126972515515,
11,21,TRAIN,2.8378994,0.7949308050881894,3.6328302050881893,
11,23,TRAIN,2.298533,0.18150288445277285,2.480035884452773,
11,24,TRAIN,2.5132625,1.1655300552448478,3.678792555244848,
11,25,TRAIN,2.6612883,1.2317139096685374,3.8930022096685373,
11,26,TRAIN,2.5980563,1.2297733941237778,3.827829694123778,
11,27,TRAIN,2.220248,-0.06172126127839617,2.158526738721604,
11,28,TRAIN,2.708078,1.0618308049510587,3.7699088049510587,
11,29,TRAIN,2.0628479,-0.24270839799662314,1.8201395020033768,
11,30,TRAIN,2.236391,0.8172063600303692,3.053597360030369,
11,31,TRAIN,2.1705341,-0.29288711791003985,1.87764698208996,
11,32,TRAIN,2.191955,0.2312337034698726,2.4231887034698727,
11,33,TRAIN,2.131559,1.1989986440165143,3.3305576440165146,
11,35,TRAIN,2.3792787,1.1778343467620909,3.557113046762091,
11,36,TRAIN,2.1268811,0.8176886577772948,2.9445697577772947,
11,37,TEST,2.4184275,0.8378396494019249,3.256267149401925,3.373250479611205
12,1,TRAIN,1.0845492,1.0693861771563706,2.1539353771563707,
12,3,TRAIN,1.5061836,1.262013941104708,2.768197541104708,2.739942847389117
12,4,TRAIN,2.6340322,1.1571300634830446,3.7911622634830446,
12,5,TRAIN,1.5083611,1.2969921511883125,2.805353251188312,
12,6,TRAIN,1.3690197,0.6959169424239264,2.0649366424239264,
12,7,TRAIN,2.0751376,0.61654458488385,2.69168218488385,
12,8,TRAIN,1.0878624,0.20878936053260544,1.2966517605326053,
12,9,TRAIN,1.2098634,-0.44994715626116033,0.7599162437388396,
12,10,TRAIN,2.0826507,0.7161527046892102,2.79880340468921,
12,11,TRAIN,1.1226025,0.7833441965532386,1.9059466965532386,
12,12,TRAIN,1.1157763,0.6055485133893761,1.7213248133893762,
12,13,TRAIN,1.9922278,0.9546639708570446,2.946891770857045,
12,14,TRAIN,1.3413684,0.10554839998121457,1.4469167999812145,
12,15,TRAIN,1.0125864,1.1827859541882555,2.1953723541882555,
12,17,TRAIN,1.3665216,0.960652804667316,2.327174404667316,
12,18,TRAIN,1.0080662,1.092825155082409,2.100891355082409,
12,20,TRAIN,1.0039601,0.8413819494147678,1.8453420494147679,
12,21,TRAIN,1.8993839,0.7651278186720005,2.664511718672,
12,23,TRAIN,1.2576938,0.15169320107749806,1.409387001077498,
12,24,TRAIN,1.3256619,1.135730058854778,2.461391958854778,
12,25,TRAIN,2.2047775,1.2019154694908925,3.4066929694908925,
12,26,TRAIN,1.8479389,1.1999723660872692,3.047911266087269,
12,27,TRAIN,1.1247848,-0.09151345912080933,1.0332713408791907,
12,28,TRAIN,1.7233326,1.03202720654122,2.75535980654122,
12,29,TRAIN,0.9038145,-0.272515178773443,0.631299321226557,
12,30,TRAIN,0.8380693,0.7874098082902732,1.625479108290273,
12,31,TRAIN,1.0510423,-0.32268510346382984,0.7283571965361701,
12,32,TRAIN,0.91125965,0.20143106676434108,1.112690716764341,
12,33,TRAIN,0.9677126,1.1691962695939755,2.1369088695939755,
12,35,TRAIN,1.2783868,1.1480275310142054,2.4264143310142057,
12,36,TRAIN,1.0450226,0.787881492318752,1.832904092318752,
12,37,TEST,1.53321,0.8080421534430546,2.3412521534430546,2.956752331413043
13,1,TRAIN,2.038999,1.0340083509548958,3.073007350954896,
13,3,TRAIN,2.7241278,1.2266429867176476,3.950770786717648,4.186133397849832
13,4,TRAIN,3.1345775,1.1217583397325388,4.256335839732539,
13,5,TRAIN,2.7937522,1.2616200952126815,4.055372295212681,
13,6,TRAIN,2.7534814,0.6605378397785535,3.4140192397785536,
13,7,TRAIN,3.0168533,0.5811718469724378,3.598025146972438,
13,8,TRAIN,2.579198,0.1734185110587423,2.752616511058742,
13,9,TRAIN,2.4161592,-0.485320313825361,1.930838886174639,
13,10,TRAIN,3.0352705,0.6807718185194847,3.716042318519485,
13,11,TRAIN,2.4691863,0.7479711963588334,3.2171574963588334,
13,12,TRAIN,2.5903487,0.5701849728682489,3.1605336728682487,
13,13,TRAIN,2.9731922,0.919284973124868,3.892477173124868,
13,14,TRAIN,2.4487793,0.07017429819823917,2.518953598198239,
13,15,TRAIN,2.4982495,1.1474038964878286,3.6456533964878286,
13,16,TRAIN,3.7365093,0.4336546825897818,4.170163982589782,
13,17,TRAIN,2.7336917,0.9252680541948277,3.6589597541948278,
13,18,TRAIN,2.4382987,1.057445965009371,3.495744665009371,
13,19,TRAIN,2.7027786,0.8188467188720887,3.5216253188720885,
13,20,TRAIN,2.3749108,0.8059999091998731,3.180910709199873,
13,21,TRAIN,3.2979343,0.7297542414550109,4.027688541455011,
13,22,TRAIN,3.8207164,0.8799772381446105,4.70069363814461,
13,23,TRAIN,2.4916806,0.11632619842086456,2.6080067984208646,
13,24,TRAIN,2.753376,1.1003418812178496,3.8537178812178494,
13,25,TRAIN,2.8564079,1.1665362969033874,4.022944196903388,
13,26,TRAIN,2.7129364,1.164592459107384,3.8775288591073838,
13,27,TRAIN,2.3644035,-0.12689236942532167,2.237511130574678,
13,28,TRAIN,2.9413562,0.9966446942169385,3.9380008942169384,
13,29,TRAIN,2.2171402,-0.3078815344653605,1.9092586655346393,
13,30,TRAIN,2.410849,0.752041878900398,3.1628908789003978,
13,31,TRAIN,2.3241968,-0.35806191550439914,1.966134884495601,
13,32,TRAIN,2.374997,0.16604280169974794,2.541039801699748,
13,33,TRAIN,2.28932,1.1338160828455646,3.4231360828455646,
13,35,TRAIN,2.4998243,1.112656349315218,3.612480649315218,
13,36,TRAIN,2.3695548,0.7525104330184944,3.1220652330184944,
13,37,TEST,2.6614537,0.7726697477567668,3.434123447756767,4.2146725050017135
14,1,TRAIN,2.6846097,1.1921241402566682,3.8767338402566685,
14,3,TRAIN,3.0227733,1.3847553313694467,4.407528631369447,6.071962381964658
14,5,TRAIN,2.976197,1.4197287504170468,4.395925750417047,
14,6,TRAIN,2.989636,0.818651355961054,3.808287355961054,
14,7,TRAIN,3.256965,0.7392809742861903,3.9962459742861904,
14,8,TRAIN,2.65062,0.33152737608950167,2.9821473760895016,
14,9,TRAIN,2.6031623,-0.32720719981011603,2.275955100189884,
14,10,TRAIN,3.2500358,0.8388914371529537,4.088927237152953,
14,11,TRAIN,2.852728,0.9060793095116799,3.75880730951168,
14,12,TRAIN,2.6947608,0.728288697152347,3.423049497152347,
14,13,TRAIN,3.241459,1.0773952719693223,4.318854271969322,
14,14,TRAIN,2.7238052,0.22828958041955882,2.952094780419559,
14,15,TRAIN,3.441716,1.3055180771205777,4.747234077120577,
14,16,TRAIN,3.3297763,0.5917662928492007,3.9215425928492005,
14,17,TRAIN,2.9405568,1.0833749258748413,4.023931725874841,
14,18,TRAIN,2.7773793,1.2155562113972267,3.992935511397227,
14,20,TRAIN,3.7819538,0.9641190382384224,4.7460728382384225,
14,21,TRAIN,3.3791873,0.8878657293156995,4.267053029315699,
14,23,TRAIN,2.624591,0.2744433166231346,2.8990343166231347,
14,24,TRAIN,2.4130712,1.2584613949381214,3.6715325949381215,
14,25,TRAIN,2.4029229,1.324649690687158,3.727572590687158,
14,26,TRAIN,3.0613751,1.3227070069363234,4.384082106936323,
14,27,TRAIN,2.5598013,0.0312193807183605,2.5910206807183607,
14,28,TRAIN,3.4328492,1.1547614452230182,4.587610645223018,
14,29,TRAIN,2.958652,-0.14976555282272708,2.8088864471772728,
14,30,TRAIN,3.1357894,0.9101521078027206,4.045941507802721,
14,31,TRAIN,2.4426131,-0.19994733270439413,2.242665767295606,
14,32,TRAIN,3.1242142,0.3241637492337146,3.4483779492337145,
14,33,TRAIN,3.056076,1.2919286897803564,4.348004689780357,
14,35,TRAIN,3.051597,1.2707689737355428,4.322365973735543,
14,36,TRAIN,3.1825345,0.9106201023837657,4.093154602383766,
14,37,TEST,2.397918,0.9307812531029884,3.3286992531029886,6.727701389086989
14,56,TEST,2.43555,-0.9539058545221084,1.4816441454778917,
15,1,TRAIN,1.1413969,1.0203134256010444,2.161710325601044,
15,3,TRAIN,1.547175,1.2129473794280146,2.7601223794280143,2.598971671075971
15,4,TRAIN,2.6180608,1.1080582036898945,3.7261190036898943,
15,5,TRAIN,1.5400792,1.2479248726047718,2.788004072604772,
15,6,TRAIN,1.4363892,0.6468441034409365,2.0832333034409363,
15,7,TRAIN,2.16081,0.5674719207561885,2.7282819207561886,
15,8,TRAIN,1.2581955,0.15971882963995254,1.4179143296399526,
15,9,TRAIN,1.5221598,-0.4990195056492306,1.0231402943507695,
15,10,TRAIN,2.155139,0.6670762811719833,2.8222152811719834,
15,11,TRAIN,1.2119827,0.7342713575702482,1.9462540575702483,
15,12,TRAIN,1.2261006,0.5564752372680641,1.7825758372680642,
15,13,TRAIN,2.0440764,0.9055898029735565,2.9496662029735563,
15,14,TRAIN,1.5424685,0.056479495243118016,1.598947995243118,
15,15,TRAIN,1.1748784,1.1337092858735685,2.3085876858735688,
15,17,TRAIN,1.4381101,0.9115720622234718,2.3496821622234716,
15,18,TRAIN,1.205471,1.043750759886994,2.2492217598869937,
15,20,TRAIN,1.2339684,0.7923080263287399,2.0262764263287396,
15,21,TRAIN,2.1354165,0.7160546649494184,2.851471164949418,
15,23,TRAIN,1.5134752,0.10264157204586866,1.6161167720458687,
15,24,TRAIN,1.385459,1.086651746900002,2.472110746900002,
15,25,TRAIN,2.0772443,1.1528519852679833,3.230096285267983,
15,26,TRAIN,1.7950608,1.150897970891854,2.945958770891854,
15,27,TRAIN,1.3724846,-0.14058762700429694,1.231896972995703,
15,28,TRAIN,1.917547,0.9829573400988161,2.900504340098816,
15,29,TRAIN,0.96457756,-0.32157369710502026,0.6430038628949797,
15,30,TRAIN,1.0769222,0.7383336995126375,1.8152558995126375,
15,31,TRAIN,1.3458914,-0.3717576976493606,0.9741337023506393,
15,32,TRAIN,1.1688836,0.15235095379968033,1.3212345537996804,
15,33,TRAIN,1.1433204,1.120124637112753,2.263445037112753,
15,35,TRAIN,1.4816724,1.098954289863959,2.580626689863959,
15,36,TRAIN,1.1817167,0.7388078839723158,1.9205245839723157,
15,37,TEST,2.0842721,0.5726422173312584,2.6569143173312586,2.6565603961796587
16,1,TRAIN,0.66073865,1.03257687377205,1.6933155237720499,
16,3,TRAIN,1.122176,1.225205337141702,2.347381337141702,1.4854833721588827
16,4,TRAIN,2.2272103,1.12031572426526,3.34752602426526,
16,5,TRAIN,1.0527592,1.2601845963572775,2.3129437963572776,
16,6,TRAIN,1.1930393,0.6591056981454586,1.8521449981454585,
16,7,TRAIN,1.633374,0.5797360683485082,2.2131100683485085,
16,8,TRAIN,0.92718315,0.17198502303961716,1.099168173039617,
16,9,TRAIN,1.0493965,-0.48676668868220485,0.5626298113177952,
16,10,TRAIN,1.6259238,0.6793499933507783,2.3052737933507785,
16,11,TRAIN,0.8969517,0.7465340188922749,1.643485718892275,
16,12,TRAIN,0.86678946,0.5687432666486791,1.4355327266486793,
16,13,TRAIN,1.4570634,0.9178552969519069,2.374918696951907,
16,14,TRAIN,0.7403184,0.06873446293068586,0.8090528629306859,
16,15,TRAIN,0.75696224,1.145971090404485,1.902933330404485,
16,16,TRAIN,3.59066,0.4322206874902039,4.022880687490204,
16,17,TRAIN,0.8532394,0.923832677738154,1.7770720777381541,
16,18,TRAIN,0.757714,1.0560182647016232,1.8137322647016232,
16,20,TRAIN,0.87667626,0.8045706177086349,1.681246877708635,
16,21,TRAIN,1.3407708,0.7283172038727153,2.0690880038727153,
16,22,TRAIN,2.775104,0.8785540316188079,3.6536580316188076,
16,23,TRAIN,0.7556423,0.11489267543067383,0.8705349754306738,
16,24,TRAIN,0.7692815,1.0989212625509102,1.8682027625509101,
16,25,TRAIN,1.5243951,1.1651064109040319,2.689501510904032,
16,26,TRAIN,1.2368696,1.163167206774237,2.400036806774237,
16,27,TRAIN,0.8735464,-0.12833757275146374,0.7452088272485362,
16,28,TRAIN,1.2988412,0.9952176583594392,2.2940588583594392,
16,29,TRAIN,0.7177206,-0.3093179075974075,0.4084026924025925,
16,30,TRAIN,0.73772854,0.7506005573625512,1.4883290973625511,
16,31,TRAIN,0.67405564,-0.35949428444942066,0.3145613555505793,
16,32,TRAIN,0.6601769,0.1646037532811735,0.8247806532811734,
16,33,TRAIN,0.70597285,1.1323907081136872,1.8383635581136872,
16,35,TRAIN,1.0398381,1.1112267255988555,2.151064825598856,
16,36,TRAIN,0.86352813,0.7510716643684456,1.6145997943684456,
16,37,TEST,1.6225526,0.7712342838724289,2.393786883872429,1.7755792729990165
17,1,TEST,1.3287513,1.0033029983787443,2.3320542983787442,
17,3,TEST,1.9027792,1.1959351861668952,3.098714386166895,2.942178531541785
17,4,TEST,2.5621743,1.091048458403376,3.653222758403376,4.971164469667757
17,5,TEST,1.7776432,1.2309170332413348,3.008560233241335,2.6772335414229262
17,6,TEST,1.7084665,0.6298320500640799,2.33829855006408,2.6674920606582955
17,7,TEST,2.1288123,0.5504640289361529,2.6792763289361528,3.8875704640183826
17,8,TEST,1.5006027,0.1427069511184249,1.6433096511184249,0.6302073807860711
17,9,TEST,1.815106,-0.5160286739131648,1.2990773260868353,2.1973023520894626
17,10,TEST,2.1148562,0.6500796675206435,2.7649358675206437,3.924518609175774
17,11,TEST,1.4355702,0.7172570310741198,2.1528272310741197,0.6018539221135545
17,12,TEST,1.4066179,0.5394664711713859,1.946084371171386,1.602090989771047
17,13,TEST,2.249134,0.8885775222847729,3.137711522284773,3.592869529545338
17,14,TEST,1.6826973,0.039465815711705154,1.7221631157117052,2.3000518871356896
17,15,TEST,1.479756,1.116706307488267,2.596462307488267,1.161618386244236
17,17,TEST,1.6505134,0.8945574035022195,2.5450708035022194,1.8835178944675957
17,18,TEST,1.4430969,1.0267467848263196,2.4698436848263197,2.166421668181174
17,20,TEST,1.5046091,0.7752977914473012,2.2799068914473013,0.0985775633609939
17,21,TEST,2.281304,0.6990478397468873,2.9803518397468873,3.207907896438195
17,23,TEST,1.7057159,0.08563133716442994,1.79134723716443,2.802693491918831
17,24,TEST,1.7141893,1.0696418442436877,2.7838311442436874,2.193116149291676
17,25,TEST,2.1360934,1.135838533048498,3.271931933048498,3.8918631543351427
17,26,TEST,1.8838695,1.1338855678043407,3.017755067804341,3.1379173646879672
17,27,TEST,1.4957186,-0.1576033698285877,1.3381152301714123,1.608357328813856
17,28,TEST,1.9791262,0.9659396214093126,2.9450658214093126,3.2188318239001723
17,29,TEST,1.3087324,-0.3385943883351099,0.9701380116648901,-1.7696066645869217
17,30,TEST,1.4781975,0.7213247235895648,2.1995222235895646,0.9591586321013309
17,31,TEST,1.7740343,-0.38876763527674063,1.3852666647232594,2.2716412320013224
17,32,TEST,1.4023039,0.13534453076440522,1.5376484307644052,0.8735919773410399
17,33,TEST,1.4074023,1.1031166578650526,2.5105189578650524,-0.6424540662444271
17,35,TEST,1.6728293,1.0819467827256468,2.754776082725647,2.649410690980463
17,36,TEST,1.4069693,0.7218013035672448,2.128770603567245,-1.1291745942507496
17,37,TEST,1.1624283,0.7419648672900023,1.9043931672900023,3.162385893426451
18,1,TRAIN,0.776768,1.0662882494345882,1.8430562494345883,
18,3,TRAIN,1.2217146,1.2589163106369843,2.480630910636984,1.7277896752234332
18,4,TRAIN,2.1857846,1.1540262955932867,3.3398108955932866,
18,5,TRAIN,1.1533511,1.2938994691263885,2.4472505691263886,
18,6,TRAIN,1.1054852,0.6928163743866826,1.7983015743866826,
18,7,TRAIN,1.6332061,0.6134438070202113,2.2466499070202115,
18,8,TRAIN,0.6923766,0.20568984162733228,0.8980664416273323,
18,9,TRAIN,0.7751954,-0.45304611562938124,0.32214928437061874,
18,10,TRAIN,1.6246685,0.7130553190189466,2.3377238190189464,
18,11,TRAIN,0.74475604,0.7802485069796625,1.5250045469796625,
18,12,TRAIN,0.7286028,0.6024523167353473,1.3310551167353473,
18,13,TRAIN,1.4609182,0.951565343713948,2.412483543713948,
18,14,TRAIN,1.2835985,0.1024502799185707,1.3860487799185708,
18,15,TRAIN,0.72471905,1.1796816967035775,1.9044007467035775,
18,16,TRAIN,2.7991118,0.4659303670560546,3.2650421670560545,
18,17,TRAIN,0.8320619,0.9575476204493962,1.7896095204493963,
18,18,TRAIN,0.7140671,1.0897201981764164,1.8037872981764163,
18,20,TRAIN,0.65571076,0.8382815562328516,1.4939923162328514,
18,21,TRAIN,1.1944367,0.7620335629121189,1.956470262912119,
18,23,TRAIN,1.2554023,0.1485949761016574,1.4039972761016575,
18,24,TRAIN,0.91976625,1.1326308896601627,2.0523971396601626,
18,25,TRAIN,1.6453623,1.1988191504381338,2.8441814504381338,
18,26,TRAIN,1.3330444,1.1968706964614544,2.5299150964614543,
18,27,TRAIN,0.74422246,-0.09461883567959051,0.6496036243204095,
18,28,TRAIN,1.1528683,1.0289323038166227,2.1818006038166224,
18,29,TRAIN,0.63802564,-0.27561216227645113,0.3624134777235488,
18,30,TRAIN,0.52866614,0.7843110587484463,1.3129771987484462,
18,31,TRAIN,0.7095593,-0.32578206948130495,0.38377723051869506,
18,32,TRAIN,0.615291,0.19832577763322412,0.8136167776332242,
18,33,TRAIN,0.6490673,1.1660999330556838,1.8151672330556838,
18,35,TRAIN,0.86695397,1.144928991298773,2.011882961298773,
18,36,TRAIN,0.7451141,0.7847835995680352,1.5298976995680351,
18,37,TEST,1.4470987,0.8049495238377289,2.252048223837729,1.6260000007330786
19,1,TRAIN,1.5841933,1.0454994649597955,2.6296927649597954,
19,3,TRAIN,1.9077623,1.238128575294163,3.145890875294163,3.033731086645202
19,4,TRAIN,3.2153344,1.1332396968101013,4.348574096810101,
19,5,TRAIN,1.9435791,1.273108219191462,3.216687319191462,
19,6,TRAIN,1.746001,0.6720224666507613,2.4180234666507614,
19,7,TRAIN,2.609502,0.5926514030401164,3.2021534030401164,
19,8,TRAIN,1.4247091,0.18488337927881693,1.609592479278817,
19,9,TRAIN,1.9196193,-0.47385221078170714,1.4457670892182928,
19,10,TRAIN,2.630134,0.6922707835286386,3.3224047835286385,
19,11,TRAIN,1.6418717,0.7594447374032076,2.4013164374032074,
19,12,TRAIN,1.7048397,0.5816542649281375,2.2864939649281375,
19,13,TRAIN,2.7095027,0.9307657881509122,3.640268488150912,
19,14,TRAIN,1.9412769,0.08165158114664539,2.0229284811466455,
19,15,TRAIN,1.7962977,1.158889817289468,2.9551875172894677,
19,17,TRAIN,2.0866964,0.9367537301990079,3.023450130199008,
19,18,TRAIN,1.7177547,1.0689371139853363,2.7866918139853363,
19,20,TRAIN,1.6907479,0.8174934187227749,2.5082413187227752,
19,21,TRAIN,2.4954007,0.7412300905897227,3.2366307905897225,
19,23,TRAIN,2.006558,0.12782268048435252,2.1343806804843526,
19,24,TRAIN,2.1126676,1.1118357229658753,3.2245033229658753,
19,25,TRAIN,2.6222916,1.1780207838913328,3.800312383891333,
19,26,TRAIN,2.230043,1.1760772608349206,3.406120260834921,
19,27,TRAIN,1.8682159,-0.11541821638729699,1.752797683612703,
19,28,TRAIN,2.2504916,1.0081381687687743,3.2586297687687744,
19,29,TRAIN,1.4116542,-0.29640334226924603,1.115250857730754,
19,30,TRAIN,1.4298843,0.7635191793343368,2.1934034793343367,
19,31,TRAIN,1.8143365,-0.34657524282484653,1.4677612571751535,
19,32,TRAIN,1.56828,0.17752613464252454,1.7458061346425244,
19,33,TRAIN,1.5113912,1.1452992584185453,2.656690458418545,
19,35,TRAIN,1.9398735,1.1241421826891935,3.0640156826891936,
19,36,TRAIN,1.5121355,0.7639921398067142,2.276127639806714,
19,37,TEST,1.7101529,0.7841545494843034,2.494307449484303,3.1111970686103394
20,1,TRAIN,1.5786496,1.123848337897126,2.7024979378971263,
20,3,TRAIN,1.8587602,1.3164791443281816,3.1752393443281814,2.2482133809267077
20,4,TRAIN,2.6376405,1.211592871188516,3.849233371188516,
20,5,TRAIN,1.7894962,1.3514596799876561,3.140955879987656,
20,6,TRAIN,1.7864039,0.7503813762839546,2.536785276283955,
20,7,TRAIN,2.1293693,0.6710133026994289,2.800382602699429,
20,8,TRAIN,1.6529462,0.2632524130355365,1.9161986130355364,
20,9,TRAIN,1.6985369,-0.39548639436303334,1.3030505056369666,
20,10,TRAIN,2.138374,0.7706236956240606,2.908997695624061,
20,11,TRAIN,1.6045107,0.8378056229016138,2.442316322901614,
20,12,TRAIN,1.6526477,0.6600147307737556,2.3126624307737558,
20,13,TRAIN,2.0997221,1.0091181232237498,3.10884022322375,
20,14,TRAIN,1.6768427,0.16001087546156167,1.8368535754615616,
20,15,TRAIN,1.6801392,1.2372498110256989,2.9173890110256986,
20,17,TRAIN,1.6980686,1.015105173509669,2.713173773509669,
20,18,TRAIN,1.6381791,1.1472834864914683,2.7854625864914686,
20,20,TRAIN,1.6513656,0.89584213429031,2.54720773429031,
20,21,TRAIN,1.8523372,0.8195918328792389,2.671929032879239,
20,22,TRAIN,4.1250944,0.969819463235047,5.094913863235047,
20,23,TRAIN,1.6219206,0.20616448926640762,1.8280850892664076,
20,24,TRAIN,1.5074489,1.1901846133887388,2.697633513388739,
20,25,TRAIN,2.2223134,1.2563775952605822,3.4786909952605822,
20,26,TRAIN,1.8460792,1.2544388982112404,3.10051809821124,
20,27,TRAIN,1.7048099,-0.03704739910622523,1.6677625008937749,
20,28,TRAIN,1.7930171,1.0864916928578459,2.8795087928578456,
20,29,TRAIN,1.6340044,-0.2180455691956884,1.4159588308043116,
20,30,TRAIN,1.65955,0.8418739973528404,2.5014239973528403,
20,31,TRAIN,1.7822206,-0.26822845066592604,1.513992149334074,
20,32,TRAIN,1.6388147,0.2558994523547953,1.8947141523547952,
20,33,TRAIN,1.6275793,1.2236595319233015,2.8512388319233013,
20,35,TRAIN,1.6834577,1.2024917900189043,2.885949490018904,
20,36,TRAIN,1.6580131,0.842345978635378,2.5003590786353778,
20,37,TEST,1.7666308,0.8625132318055697,2.62914403180557,2.763686716701564
21,1,TRAIN,1.0726122,1.0163699295022912,2.0889821295022912,
21,3,TRAIN,3.0189462,1.2090042680109847,4.2279504680109845,5.958298328456968
21,5,TRAIN,2.8028808,1.243976900209606,4.046857700209606,
21,6,TRAIN,2.216352,0.6428928437655927,2.859244843765593,
21,7,TRAIN,3.166822,0.5635256794287757,3.7303476794287755,
21,8,TRAIN,1.553978,0.15578035188912986,1.70975835188913,
21,9,TRAIN,1.7263124,-0.5029686670606308,1.2233437329393693,
21,10,TRAIN,3.183599,0.6631369990866496,3.8467359990866496,
21,11,TRAIN,1.7531255,0.7303236124870094,2.4834491124870093,
21,12,TRAIN,2.0893009,0.5525312865454564,2.6418321865454564,
21,14,TRAIN,1.7236332,0.05253110319516363,1.7761643031951637,
21,15,TRAIN,1.9425627,1.1297837649025966,3.072346464902597,
21,16,TRAIN,3.6975758,0.41601487978008134,4.113590679780081,
21,17,TRAIN,2.4923534,0.9076262055777824,3.3999796055777822,
21,18,TRAIN,1.9239334,1.0398083129202127,2.9637417129202124,
21,20,TRAIN,1.6810076,0.7883628166477661,2.469370416647766,
21,21,TRAIN,2.7005382,0.7121238283764568,3.412662028376457,
21,23,TRAIN,1.6288147,0.0986981983458457,1.7275128983458456,
21,24,TRAIN,2.3416088,1.082704981006604,3.424313781006604,
21,25,TRAIN,3.037338,1.1488991693802144,4.186237169380215,
21,26,TRAIN,2.6792572,1.1469647912574894,3.8262219912574893,
21,27,TRAIN,1.7638407,-0.14453353610658537,1.6193071638934147,
21,28,TRAIN,2.7449937,0.9790198065667686,3.7240135065667688,
21,29,TRAIN,1.6908619,-0.32550986676550453,1.3653520332344955,
21,30,TRAIN,1.4544586,0.7343856571753404,2.18884425717534,
21,31,TRAIN,1.6376511,-0.37571084576225333,1.2619402542377467,
21,32,TRAIN,1.7230381,0.14841083240876918,1.871448932408769,
21,33,TRAIN,1.5199305,1.116180441592685,2.636110941592685,
21,35,TRAIN,2.1806998,1.0950156022867428,3.275715402286743,
21,36,TRAIN,1.8386242,0.734857655943411,2.573481855943411,
21,37,TEST,2.856757,0.7550366943627504,3.6117936943627504,6.125713057542053
22,1,TRAIN,0.5141326,1.0204902585671811,1.534622858567181,
22,3,TRAIN,1.207949,1.2131240725098884,2.4210730725098886,2.400428425293089
22,4,TRAIN,2.392434,1.1082360333314045,3.5006700333314047,
22,5,TRAIN,1.1730196,1.2480984182907302,2.42111801829073,
22,6,TRAIN,0.5218939,0.6470134525990088,1.1689073525990088,
22,7,TRAIN,1.6342018,0.567654156751979,2.201855956751979,
22,8,TRAIN,0.07848968,0.15988169166533295,0.23837137166533295,
22,9,TRAIN,0.56889933,-0.49883933294631744,0.0700599970536826,
22,10,TRAIN,1.6368675,0.6672647595030052,2.304132259503005,
22,11,TRAIN,0.519112,0.7344519674114829,1.253563967411483,
22,12,TRAIN,0.740487,0.5566587671932868,1.2971457671932867,
22,13,TRAIN,1.568517,0.9057673878176065,2.4742843878176064,
22,14,TRAIN,0.7704176,0.056643948451988724,0.8270615484519888,
22,15,TRAIN,0.5871946,1.133884160460025,1.721078760460025,
22,16,TRAIN,2.2760339,0.42012762012370963,2.6961615201237095,
22,17,TRAIN,1.308183,0.9117569560202576,2.2199399560202577,
22,18,TRAIN,0.5402235,1.0439230815856524,1.5841465815856524,
22,20,TRAIN,0.29099298,0.7924852439765995,1.0834782239765994,
22,21,TRAIN,1.6242905,0.7162282456064428,2.3405187456064427,
22,22,TRAIN,2.4236906,0.8664661399700404,3.2901567399700404,
22,23,TRAIN,0.71813977,0.10279569130481869,0.8209354613048186,
22,24,TRAIN,0.9098705,1.0868327239374271,1.9967032239374272,
22,25,TRAIN,1.621949,1.1530205475770763,2.7749695475770766,
22,26,TRAIN,1.2969583,1.1510805391127694,2.4480388391127694,
22,27,TRAIN,0.5940071,-0.1404126824757097,0.4535944175242903,
22,28,TRAIN,1.495231,0.983130693443913,2.478361693443913,
22,29,TRAIN,0.20080209,-0.32139766847339457,-0.12059557847339458,
22,30,TRAIN,-0.039408255,0.7385055491019092,0.6990972941019092,
22,31,TRAIN,0.43228054,-0.3715802526895735,0.06070028731042648,
22,32,TRAIN,0.29079288,0.1525301822838192,0.4433230622838192,
22,33,TRAIN,0.13200012,1.120296993782477,1.252297113782477,
22,35,TRAIN,1.0422411,1.0991309304892347,2.1413720304892347,
22,36,TRAIN,0.4431393,0.7389866928036652,1.1821259928036651,
22,37,TEST,2.172732,0.7591421782102414,2.9318741782102413,2.017672515282204
22,56,TEST,0.72691166,-1.125533861072554,-0.3986222010725541,
23,1,TRAIN,0.59078103,1.0757915295297704,1.6665725595297705,
23,3,TRAIN,1.3280714,1.2684220736778329,2.5964934736778327,1.9621911766292721
23,4,TRAIN,2.4241035,1.1635381086285053,3.5876416086285055,
23,5,TRAIN,1.2673804,1.3033980106421654,2.5707784106421654,
23,6,TRAIN,1.217687,0.7023231166173711,1.920010116617371,
23,7,TRAIN,1.7059273,0.6229522103765217,2.3288795103765216,
23,8,TRAIN,0.78562945,0.2151863373357643,1.0008157873357644,
23,9,TRAIN,0.9403332,-0.4435507040239868,0.4967824959760132,
23,10,TRAIN,1.702329,0.7225612569151236,2.4248902569151234,
23,11,TRAIN,0.8136261,0.7897487620776595,1.6033748620776596,
23,12,TRAIN,0.7869187,0.6119552646054047,1.3988739646054047,
23,13,TRAIN,1.5777355,0.9610608252614736,2.5387963252614734,
23,14,TRAIN,0.9987181,0.11194600626355689,1.110664106263557,
23,15,TRAIN,0.8173607,1.189186952663973,2.006547652663973,
23,16,TRAIN,3.2902412,0.47542653053936235,3.7656677305393624,
23,17,TRAIN,0.9877449,0.9670478930329263,1.9547927930329263,
23,18,TRAIN,0.751663,1.0992287414169901,1.85089174141699,
23,20,TRAIN,0.76533055,0.847782860462821,1.613113410462821,
23,21,TRAIN,1.46828,0.7715267188837744,2.2398067188837745,
23,22,TRAIN,3.3962364,0.9217533875352748,4.317989787535275,
23,23,TRAIN,0.972122,0.15810675416581033,1.1302287541658105,
23,24,TRAIN,0.9670289,1.1421311622436927,2.1091600622436926,
23,25,TRAIN,1.7627637,1.208328340643423,2.9710920406434234,
23,26,TRAIN,1.4790475,1.2063746934634842,2.6854221934634843,
23,27,TRAIN,0.834633,-0.08511789864581187,0.7495151013541881,
23,28,TRAIN,1.4667678,1.0384292541489089,2.505197054148909,
23,29,TRAIN,0.62940854,-0.2660962576265429,0.36331228237345714,
23,30,TRAIN,0.651477,0.7938162797377761,1.445293279737776,
23,31,TRAIN,0.74739707,-0.3162924281017543,0.4311046418982457,
23,32,TRAIN,0.6546335,0.20781326829223268,0.8624467682922327,
23,33,TRAIN,0.68365586,1.1755994537613006,1.8592553137613006,
23,35,TRAIN,1.1300161,1.1544274803579513,2.2844435803579515,
23,36,TRAIN,0.79690593,0.7942761610315734,1.5911820910315733,
23,37,TEST,1.4938595,0.8144519995984001,2.3083114995983998,1.7624679645926558
24,1,TRAIN,0.69773245,1.0356743151587366,1.7334067651587366,
24,3,TRAIN,1.2056687,1.2283073772235307,2.4339760772235306,1.293795226622967
24,4,TRAIN,2.2361152,1.123417152353439,3.359532352353439,
24,5,TRAIN,1.1533275,1.263280708843467,2.416608208843467,
24,6,TRAIN,1.1526955,0.6622007789852087,1.8148962789852088,
24,7,TRAIN,1.6271995,0.5828330026547417,2.210032502654742,
24,8,TRAIN,0.9227196,0.17507366920327394,1.097793269203274,
24,9,TRAIN,1.1024668,-0.48365907071539294,0.618807729284607,
24,10,TRAIN,1.6181479,0.6824411049745689,2.3005890049745688,
24,11,TRAIN,0.8622736,0.749632894092656,1.611906494092656,
24,12,TRAIN,0.8255218,0.5718396938744599,1.3973614938744598,
24,13,TRAIN,1.4939468,0.9209509373287088,2.414897737328709,
24,14,TRAIN,1.0891752,0.07183741226022367,1.1610126122602236,
24,15,TRAIN,0.8004009,1.1490725709492624,1.9494734709492625,
24,16,TRAIN,3.580433,0.43531865344287635,4.0157516534428765,
24,17,TRAIN,0.8886868,0.9269349276463772,1.815621727646377,
24,18,TRAIN,0.8307455,1.0591106177982472,1.8898561177982471,
24,20,TRAIN,0.8004363,0.8076711190635724,1.6081074190635722,
24,21,TRAIN,1.2750871,0.7314157993045707,2.0065028993045706,
24,22,TRAIN,3.8245933,0.8816473464197392,4.706240646419739,
24,23,TRAIN,1.2166934,0.11799392866352454,1.3346873286635246,
24,24,TRAIN,0.8873085,1.102013300907943,1.989321800907943,
24,25,TRAIN,1.6138567,1.16820490142269,2.78206160142269,
24,26,TRAIN,1.3280903,1.1662649454149818,2.4943552454149818,
24,27,TRAIN,1.1195682,-0.12522782154964274,0.9943403784503573,
24,28,TRAIN,1.2415037,0.998319960724261,2.239823660724261,
24,29,TRAIN,0.9273545,-0.30622667357488664,0.6211278264251133,
24,30,TRAIN,1.0188578,0.753699100337808,1.7725569003378079,
24,31,TRAIN,0.9888191,-0.356395566618835,0.632423533381165,
24,32,TRAIN,0.8924801,0.16770402732418344,1.0601841273241834,
24,33,TRAIN,0.95800734,1.1354907548447701,2.09349809484477,
24,35,TRAIN,0.9710414,1.1143165432932145,2.0853579432932143,
24,36,TRAIN,0.95752066,0.754174421357122,1.7116950813571221,
24,37,TEST,1.2486999,0.7743351174524902,2.0230350174524903,1.1620251765181706
25,1,TRAIN,2.3046272,0.8683499990761825,3.1729771990761826,
25,3,TRAIN,2.6885595,1.0609775531981258,3.749537053198126,4.623585577007007
25,4,TRAIN,3.2207503,0.9560843383019146,4.176834638301915,
25,5,TRAIN,2.7725778,1.0959589981053095,3.8685367981053096,
25,6,TRAIN,2.653024,0.4948715144968552,3.147895514496855,
25,7,TRAIN,3.0419736,0.4155087914853852,3.457482391485385,
25,8,TRAIN,2.5143275,0.007740365556829776,2.5220678655568296,
25,9,TRAIN,2.5185533,-0.6509764974979988,1.8675768025020014,
25,10,TRAIN,3.052625,0.5151192718376816,3.5677442718376815,
25,11,TRAIN,2.442169,0.5822982090891156,3.0244672090891154,
25,12,TRAIN,2.5019732,0.40451604224215476,2.906489242242155,
25,13,TRAIN,3.059268,0.7536233514515098,3.8128913514515097,
25,14,TRAIN,2.3652635,-0.09548438590559805,2.269779114094402,
25,15,TRAIN,2.4390445,0.9817400891228627,3.4207845891228628,
25,17,TRAIN,2.7492726,0.7595999453887781,3.508872545388778,
25,18,TRAIN,2.3794634,0.891785479895649,3.271248879895649,
25,20,TRAIN,2.3432791,0.6403375706196681,2.9836166706196683,
25,21,TRAIN,3.2203045,0.5640876888613859,3.784392188861386,
25,23,TRAIN,2.3755136,-0.04932587615155137,2.3261877238484487,
25,24,TRAIN,2.7403533,0.9346922895911001,3.6750455895911003,
25,25,TRAIN,2.9306045,1.0008843971863004,3.9314888971863002,
25,26,TRAIN,2.788973,0.9989345268814596,3.7879075268814595,
25,27,TRAIN,2.5055044,-0.2925608454275612,2.2129435545724387,
25,28,TRAIN,2.915654,0.8309882832323727,3.7466422832323727,
25,29,TRAIN,2.2146866,-0.4735486465960377,1.7411379534039622,
25,30,TRAIN,2.4370542,0.5863716893159379,3.023425889315938,
25,31,TRAIN,2.3288233,-0.5237349727162486,1.8050883272837512,
25,32,TRAIN,2.5935266,0.00038691528116840956,2.5939135152811685,
25,33,TRAIN,2.4761417,0.9681602139125176,3.4443019139125175,
25,35,TRAIN,2.5197556,0.9469966685360074,3.4667522685360073,
25,36,TRAIN,2.3841376,0.5868375506619734,2.9709751506619733,
25,37,TEST,2.6720116,0.6070098746366948,3.2790214746366946,4.759375150056219
26,1,TRAIN,0.9183868,1.1347063740564614,2.0530931740564613,
26,3,TRAIN,2.297892,1.3273407300506874,3.6252327300506875,3.9265470194442442
26,4,TRAIN,3.1712828,1.222451431913837,4.393734231913838,
26,5,TRAIN,2.3771248,1.3623183631117075,3.7394431631117073,
26,6,TRAIN,1.7214206,0.7612362475618419,2.482656847561842,
26,7,TRAIN,2.8328128,0.681871198974501,3.514683998974501,
26,8,TRAIN,1.3105886,0.27409492204169084,1.5846835220416908,
26,9,TRAIN,1.5727715,-0.38462089188116666,1.1881506081188333,
26,10,TRAIN,2.834715,0.7814810148765488,3.616196014876549,
26,11,TRAIN,1.5910323,0.8486650579035779,2.4396973579035777,
26,12,TRAIN,1.8345436,0.6708734313833395,2.5054170313833395,
26,13,TRAIN,2.7534366,1.0199813700718776,3.7734179700718777,
26,14,TRAIN,1.4132353,0.17086761769146497,1.584102917691465,
26,15,TRAIN,1.62498,1.248105661493426,2.873085661493426,
26,17,TRAIN,2.4889905,1.0259706759915361,3.514961175991536,
26,18,TRAIN,1.5843014,1.1581390397051368,2.7424404397051365,
26,20,TRAIN,1.3760773,0.9067004851892366,2.2827777851892366,
26,21,TRAIN,2.899744,0.8304505334888233,3.7301945334888233,
26,23,TRAIN,1.3808675,0.2170186611229803,1.5978861611229802,
26,24,TRAIN,2.247022,1.2010439434775058,3.4480659434775056,
26,25,TRAIN,2.8151724,1.2672411743338348,4.082413574333835,
26,26,TRAIN,2.481861,1.265295325701552,3.747156325701552,
26,27,TRAIN,1.5154082,-0.026194783462077265,1.4892134165379227,
26,28,TRAIN,2.6599545,1.097356583346063,3.757311083346063,
26,29,TRAIN,1.3691825,-0.20718076613513547,1.1620017338648645,
26,30,TRAIN,1.2044712,0.852730232502291,2.057201432502291,
26,31,TRAIN,1.3595444,-0.2573700822814664,1.1021743177185337,
26,32,TRAIN,1.3678195,0.2667393385310204,1.6345588385310204,
26,33,TRAIN,1.3936459,1.2345177953945639,2.628163695394564,
26,35,TRAIN,2.185779,1.213349528924181,3.399128528924181,
26,36,TRAIN,1.4193754,0.8532007974566667,2.272576197456667,
26,37,TEST,2.3667047,0.8733629098801967,3.240067609880197,3.7138915278662785
27,1,TRAIN,3.4325986,1.0395306884334556,4.472129288433456,
27,3,TRAIN,2.6738517,1.2321578928447416,3.906009592844742,4.995696937031931
27,4,TRAIN,2.8024483,1.1272737354545526,3.9297220354545526,
27,5,TRAIN,2.5580173,1.2671348789410453,3.825152178941045,
27,6,TRAIN,2.6070695,0.6660621880933921,3.2731316880933923,
27,7,TRAIN,2.5593047,0.5866869978969915,3.1459916978969917,
27,8,TRAIN,2.3702807,0.1789340641505519,2.549214764150552,
27,9,TRAIN,2.1953177,-0.47980210293255654,1.7155155970674434,
27,10,TRAIN,2.5653358,0.6862971460241636,3.2516329460241638,
27,11,TRAIN,2.2045789,0.7534849834118242,2.9580638834118242,
27,12,TRAIN,2.3453355,0.5756897024152177,2.9210252024152177,
27,13,TRAIN,2.497855,0.9248000890783561,3.422655089078356,
27,14,TRAIN,2.4096673,0.07569397787580412,2.4853612778758043,
27,15,TRAIN,2.7023616,1.152925237291015,3.855286837291015,
27,17,TRAIN,2.2794027,0.9307886955767004,3.2101913955767003,
27,18,TRAIN,2.3337784,1.0629629868859412,3.396741386885941,
27,20,TRAIN,2.530302,0.8115191342535839,3.3418211342535837,
27,21,TRAIN,2.4296613,0.7352704589970691,3.164931758997069,
27,23,TRAIN,2.4796722,0.12184012535811828,2.6015123253581183,
27,24,TRAIN,2.7289097,1.1058667890697396,3.8347764890697396,
27,25,TRAIN,2.330206,1.1720557317834923,3.5022617317834923,
27,26,TRAIN,2.2636964,1.170109008874567,3.433805408874567,
27,27,TRAIN,2.2306285,-0.1213723400370994,2.1092561599629005,
27,28,TRAIN,2.2714887,1.0021668218691038,3.2736555218691037,
27,29,TRAIN,2.50258,-0.3023660163446169,2.200213983655383,
27,30,TRAIN,2.5149493,0.757554844133344,3.272504144133344,
27,31,TRAIN,2.1833212,-0.3525441242643832,1.8307770757356168,
27,32,TRAIN,2.5275033,0.17155772531237456,2.6990610253123744,
27,33,TRAIN,2.3423839,1.1393365668576414,3.4817204668576416,
27,35,TRAIN,2.0935063,1.118177165552419,3.211683465552419,
27,36,TRAIN,2.6727176,0.7580135014398413,3.430731101439841,
27,37,TEST,2.1740208,0.7781891126947404,2.9522099126947405,4.159904436600832
28,3,TRAIN,1.524937,1.2552970808899948,2.780234080889995,2.56168248859005
28,4,TRAIN,2.431405,1.1504065762513775,3.5818115762513774,
28,5,TRAIN,1.5018713,1.2902793825882886,2.7921506825882885,
28,6,TRAIN,1.4145756,0.6891974244082189,2.103773024408219,
28,7,TRAIN,1.9546764,0.6098309245216504,2.5645073245216503,
28,8,TRAIN,1.3690317,0.20206881087045803,1.571100510870458,
28,9,TRAIN,1.4742657,-0.4566665518781381,1.0175991481218618,
28,10,TRAIN,1.9454521,0.7094407753947638,2.654892875394764,
28,11,TRAIN,1.2522818,0.7766257276695026,2.0289075276695026,
28,12,TRAIN,1.3464963,0.5988316531746629,1.945327953174663,
28,13,TRAIN,1.7376388,0.9479438933042852,2.6855826933042852,
28,14,TRAIN,1.3107336,0.09882923167616386,1.409562831676164,
28,15,TRAIN,0.7916597,1.1760683945522281,1.967728094552228,
28,17,TRAIN,1.3156769,0.9539238619493955,2.2696007619493956,
28,18,TRAIN,1.3077171,1.0861092915430692,2.3938263915430693,
28,20,TRAIN,1.3152455,0.8346615046658181,2.149907004665818,
28,21,TRAIN,1.8451058,0.7584087552801466,2.603514555280147,
28,23,TRAIN,1.0404805,0.14497305358260748,1.1854535535826074,
28,24,TRAIN,1.2119668,1.1290108905497274,2.3409776905497273,
28,25,TRAIN,1.9894011,1.1951977000284706,3.1845988000284704,
28,26,TRAIN,1.8610904,1.1932577265352298,3.0543481265352295,
28,27,TRAIN,1.8418951,-0.09823706875120708,1.7436580312487928,
28,28,TRAIN,1.7069393,1.0253116227704058,2.7322509227704055,
28,29,TRAIN,1.4278414,-0.27923233624221444,1.1486090637577855,
28,30,TRAIN,1.3934695,0.7806855691806929,2.174155069180693,
28,31,TRAIN,1.4306608,-0.32940505861785985,1.1012557413821402,
28,32,TRAIN,1.4313356,0.1947144338615554,1.6260500338615553,
28,33,TRAIN,1.4541404,1.1624802137137742,2.616620613713774,
28,35,TRAIN,1.5182709,1.141314535102255,2.659585435102255,
28,36,TRAIN,1.5027717,0.7811623240137009,2.2839340240137007,
28,37,TEST,1.6509447,0.801321970977098,2.4522666709770977,2.3372570145253233
29,1,TRAIN,3.8401272,0.9599861050720921,4.800113305072092,
29,3,TRAIN,1.0634636,1.1526182753747105,2.2160818753747105,2.000858185301677
29,4,TRAIN,2.209845,1.0477405351750817,3.2575855351750818,
29,5,TRAIN,0.9926146,1.187591449624851,2.180206049624851,
29,6,TRAIN,0.9824212,0.5865097012711753,1.5689309012711754,
29,7,TRAIN,1.4944993,0.5071440232046514,2.001643323204651,
29,8,TRAIN,0.6528231,0.09938984798537787,0.7522129479853779,
29,9,TRAIN,0.9606017,-0.5593506380243465,0.4012510619756535,
29,10,TRAIN,1.505559,0.606754835782072,2.1123138357820723,
29,11,TRAIN,0.6473451,0.673941134442841,1.3212862344428409,
29,12,TRAIN,0.7340685,0.4961489833566164,1.2302174833566164,
29,13,TRAIN,1.5485958,0.8452580760903232,2.393853876090323,
29,14,TRAIN,0.79074854,-0.0038541900197959222,0.7868943499802041,
29,15,TRAIN,0.60470134,1.0733800244504685,1.6780813644504686,
29,16,TRAIN,3.8046157,0.35962824017909156,4.164243940179091,
29,17,TRAIN,0.9298876,0.8512421013790576,1.7811297013790577,
29,18,TRAIN,0.6430588,0.9834199247659368,1.6264787247659367,
29,19,TRAIN,3.2207189,0.7448235112849777,3.9655424112849778,
29,20,TRAIN,0.63107044,0.7319791495873633,1.3630495895873633,
29,21,TRAIN,1.2844098,0.6557250713011942,1.940134871301194,
29,23,TRAIN,0.7969403,0.04231295758748477,0.8392532575874848,
29,24,TRAIN,0.9556115,1.026324269001254,1.9819357690012538,
29,25,TRAIN,1.5961374,1.0925174956705574,2.6886548956705574,
29,26,TRAIN,1.2223798,1.0905704580220403,2.31295025802204,
29,27,TRAIN,1.18105,-0.20092232642811725,0.9801276735718827,
29,28,TRAIN,1.1443964,0.9226289704378918,2.067025370437892,
29,29,TRAIN,0.6843289,-0.3819172267229347,0.3024116732770653,
29,30,TRAIN,0.66231596,0.6780129885151069,1.3403289485151069,
29,31,TRAIN,0.9819479,-0.4320914878254709,0.5498564121745291,
29,32,TRAIN,0.634687,0.0920232311034721,0.7267102311034721,
29,33,TRAIN,0.63978887,1.059797089271873,1.699585959271873,
29,35,TRAIN,0.93162334,1.0386250109553266,1.9702483509553266,
29,36,TRAIN,0.6978995,0.6784754751533009,1.376374975153301,
29,37,TEST,1.1598686,0.6986553528782182,1.8585239528782183,1.774036677573484
30,3,TRAIN,2.3567858,1.246313610616419,3.603099410616419,4.734706107337125
30,5,TRAIN,2.4034257,1.2812898273492768,3.684715527349277,
30,6,TRAIN,2.1649735,0.6802089357867112,2.845182435786711,
30,7,TRAIN,2.8273678,0.6008460204343797,3.42821382043438,
30,8,TRAIN,2.0183117,0.19308569030753953,2.2113973903075395,
30,9,TRAIN,2.0600953,-0.4656517707050005,1.5944435292949994,
30,10,TRAIN,2.853604,0.7004550669729817,3.5540590669729815,
30,11,TRAIN,1.8978513,0.7676404389005085,2.665491738900508,
30,12,TRAIN,2.1714272,0.5898443011127918,2.761271501112792,
30,13,TRAIN,2.9723039,0.9389565412424137,3.9112604412424137,
30,14,TRAIN,2.456103,0.08984373308077576,2.545946733080776,
30,15,TRAIN,2.109713,1.1670807102652323,3.2767937102652325,
30,17,TRAIN,2.4677653,0.9449404791034834,3.4127057791034834,
30,18,TRAIN,2.0823367,1.077114088476943,3.159450788476943,
30,20,TRAIN,2.0754497,0.8256761109836273,2.9011258109836273,
30,21,TRAIN,2.9515958,0.7494241834180002,3.7010199834180004,
30,23,TRAIN,2.500465,0.1359867156816419,2.636451715681642,
30,24,TRAIN,2.453237,1.1200228565520747,3.573259856552075,
30,26,TRAIN,2.508028,1.1842695876243794,3.6922975876243793,
30,27,TRAIN,2.1111636,-0.10721707688927617,2.0039465231107236,
30,28,TRAIN,2.6605027,1.0163247428179214,3.6768274428179213,
30,29,TRAIN,1.7975492,-0.2882179572363328,1.5093312427636671,
30,30,TRAIN,2.0476449,0.7717052113319656,2.8193501113319654,
30,31,TRAIN,2.3346663,-0.33838854637696825,1.9962777536230316,
30,32,TRAIN,1.8659723,0.1857264872915665,2.051698787291566,
30,33,TRAIN,1.7994909,1.1534943129511306,2.9529852129511305,
30,35,TRAIN,2.1439776,1.1323250672909073,3.2763026672909072,
30,36,TRAIN,2.0375152,0.7721631342460826,2.8096783342460827,
30,37,TEST,2.67267,0.7923501460684075,3.4650201460684076,3.4822057767556207
31,1,TRAIN,3.5609803,1.0325920092290657,4.5935723092290655,
31,3,TRAIN,1.7544674,1.2252282186897752,2.9796956186897754,2.5244798649077267
31,4,TRAIN,2.8525133,1.1203411237300656,3.9728544237300656,
31,5,TRAIN,1.6443403,1.260204697705626,2.904544997705626,
31,6,TRAIN,0.5971918,0.6591276704458231,1.2563194704458231,
31,7,TRAIN,2.0770335,0.5797566418062439,2.656790141806244,
31,8,TRAIN,0.5880688,0.17199110099061032,0.7600599009906103,
31,9,TRAIN,0.61383915,-0.4867449087227018,0.12709424127729818,
31,10,TRAIN,2.0815518,0.6793673144994017,2.760919114499402,
31,11,TRAIN,0.9066251,0.7465539453852945,1.6531790453852944,
31,12,TRAIN,1.248285,0.5687597834627911,1.8170447834627912,
31,13,TRAIN,2.1185906,0.9178717438238873,3.0364623438238874,
31,14,TRAIN,1.0193608,0.06875148682525056,1.0881122868252506,
31,15,TRAIN,1.1021568,1.1459944265764128,2.2481512265764128,
31,16,TRAIN,0.96232736,0.4322159768674223,1.3945433368674223,
31,17,TRAIN,1.9023588,0.9238518173821952,2.8262106173821953,
31,18,TRAIN,1.0946155,1.0560352711106553,2.150650771110655,
31,19,TRAIN,3.8517861,0.8174235403029098,4.66920964030291,
31,20,TRAIN,0.9487792,0.804589267757756,1.7533684677577561,
31,21,TRAIN,2.2248714,0.7283395958258683,2.9532109958258683,
31,23,TRAIN,0.7901816,0.1148963228926001,0.9050779228926001,
31,24,TRAIN,1.570275,1.098936905088379,2.669211905088379,
31,25,TRAIN,2.074028,1.1651249560399557,3.239152956039956,
31,26,TRAIN,1.7373164,1.1631891615890684,2.9005055615890685,
31,27,TRAIN,0.71909726,-0.128308116643034,0.590789143356966,
31,28,TRAIN,1.9282271,0.9952379520486492,2.923465052048649,
31,29,TRAIN,0.76577365,-0.30929156391382806,0.4564820860861719,
31,30,TRAIN,-0.034705736,0.7506118285168046,0.7159060925168046,
31,31,TRAIN,0.7986731,-0.35949208828672186,0.43918101171327817,
31,32,TRAIN,0.84278125,0.1646361294735903,1.0074173794735903,
31,33,TRAIN,0.64385355,1.1324059135128346,1.7762594635128346,
31,35,TRAIN,1.5355685,1.1112417386571414,2.6468102386571415,
31,36,TRAIN,1.0996004,0.7510922553117139,1.8506926553117138,
31,37,TEST,2.0183208,0.7712569905651736,2.7895777905651737,2.5936937878637285
32,3,TEST,2.9572175,1.2592217857436898,4.216439285743689,6.013299177115025
33,1,TEST,0.36835665,1.0817096006975175,1.4500662506975175,
33,3,TEST,1.2755632,1.2743381514948338,2.5499013514948334,1.9832059337990102
33,37,TEST,1.5164727,0.8203732706186604,2.3368459706186604,2.313416223947703
33,39,TEST,3.032249,0.9052493352390383,3.9374983352390385,
33,40,TEST,1.0555714,0.9157534532908622,1.9713248532908623,
33,41,TEST,0.92904645,0.5619410668576341,1.490987516857634,
33,42,TEST,0.5637027,1.161935354625815,1.725638054625815,
33,43,TEST,1.8939466,1.0941882427096417,2.9881348427096417,
33,44,TEST,2.0953298,1.0956568316559157,3.1909866316559157,
33,45,TEST,1.1945144,0.813635565239847,2.008149965239847,
33,46,TEST,1.5069224,0.8865389975079316,2.3934613975079317,
33,47,TEST,1.5169828,0.8561334090884101,2.37311620908841,
33,48,TEST,1.1052673,0.6040590162788644,1.7093263162788643,
34,1,TEST,1.5543041,1.0490407210582644,2.6033448210582644,
34,3,TEST,1.1096137,1.2416682751802077,2.351281975180208,1.3037276374629283
34,37,TEST,1.3036096,0.7876959979236342,2.0913055979236344,2.0928388950159156
34,38,TEST,3.0242507,-0.14887935178613798,2.875371348213862,
34,39,TEST,2.6294308,0.8725881142631788,3.502018914263179,
34,40,TEST,0.9892713,0.883081793451884,1.872353093451884,
34,41,TEST,0.8342145,0.5292714003694026,1.3634859003694024,
34,42,TEST,0.8428076,1.1292612642977695,1.9720688642977695,
34,43,TEST,1.830607,1.0615219684147847,2.892128968414785,
34,44,TEST,2.222591,1.0629882492707212,3.285579249270721,
34,45,TEST,0.91372156,0.7809592892201938,1.6946808492201937,
34,46,TEST,1.3655393,0.8538682469166625,2.2194075469166625,
34,47,TEST,1.419593,0.8234643545938285,2.2430573545938284,
34,48,TEST,1.1561126,0.5713998585958824,1.7275124585958823,
35,3,TEST,2.8759613,1.235844137869095,4.111805437869095,5.251712537792804
36,1,TEST,0.9151144,1.0993021255258828,2.014416525525883,
36,3,TEST,2.5283294,1.291928770400117,3.820258170400117,6.202233852258434
36,40,TEST,2.5687358,0.9333405401185075,3.5020763401185073,
36,41,TEST,2.2120376,0.5795355150946144,2.7915731150946144,
36,42,TEST,1.7284868,1.1795240501224837,2.9080108501224835,
36,43,TEST,2.5285287,1.111784422014375,3.640313122014375,
36,44,TEST,2.7977695,1.1132459817764389,3.9110154817764387,
36,45,TEST,2.7426944,0.8312234738875373,3.5739178738875372,
36,46,TEST,3.3364964,0.9041332009474514,4.240629600947452,
36,47,TEST,2.843326,0.8737314593451595,3.7170574593451593,
36,48,TEST,2.6849098,0.6216664562667606,3.3065762562667604,
37,1,TEST,0.9973502,1.079723126485912,2.077073326485912,
37,3,TEST,2.2661037,1.2723487222281746,3.5384524222281746,4.375515483058225
37,37,TEST,2.8747163,0.8184040371424559,3.6931203371424557,
37,38,TEST,3.7089508,-0.11820626614750607,3.590744533852494,
37,39,TEST,3.820477,0.9032510058361525,4.723728005836152,
37,40,TEST,2.327575,0.9137683779218855,3.2413433779218854,
37,41,TEST,1.7402874,0.5599552745818097,2.30024267458181,
37,42,TEST,1.546475,1.1599423233393864,2.7064173233393864,
37,43,TEST,3.1836414,1.0922054579454694,4.275846857945469,
37,44,TEST,3.1092598,1.0936651642410502,4.20292496424105,
37,45,TEST,1.9875187,0.8116471676196269,2.799165867619627,
37,46,TEST,3.2110658,0.8845476623181905,4.095613462318191,
37,47,TEST,3.2689633,0.8541417941301428,4.123105094130143,
37,48,TEST,2.4339626,0.6020822115669309,3.036044811566931,
38,3,TEST,2.7389376,1.2529017193956622,3.991839319395662,5.074521102263055
39,3,TEST,1.9961197,1.2208458301292322,3.216965530129232,5.44404495726595
40,3,TEST,3.6092446,1.2398713174117013,4.849115917411702,8.90782163181483
41,3,TEST,3.535275,1.267508432834021,4.802783432834021,8.812633471000419
42,1,TEST,0.48093152,1.0762342084652063,1.5571657284652063,
42,3,TEST,2.0397992,1.2688524427981345,3.3086516427981345,3.3751066254576916
42,37,TEST,2.3372347,0.8149176370384827,3.152152337038483,
42,39,TEST,3.5848522,0.8997561777053402,4.4846083777053405,
42,40,TEST,2.0780587,0.9102892867706482,2.9883479867706484,
42,41,TEST,1.7328889,0.5564527528165386,2.289341652816539,
42,42,TEST,1.3817297,1.156448859080137,2.538178559080137,
42,43,TEST,2.4375691,1.0887046147913528,3.526273714791353,
42,44,TEST,3.1411576,1.090164460971196,4.231322060971197,
42,45,TEST,2.2723353,0.8081543153540274,3.0804896153540273,
42,46,TEST,2.5704138,0.8810470989325991,3.451460898932599,
42,47,TEST,2.4857929,0.8506570376662586,3.3364499376662584,
42,48,TEST,2.316773,0.5985924367551156,2.9153654367551156,
43,1,TEST,3.2878716,1.094166522078594,4.382038122078594,
43,3,TEST,2.4203231,1.2867900195569133,3.7071131195569134,4.207883046948238
43,37,TEST,2.585649,0.8328501080216664,3.4184991080216665,
43,39,TEST,3.6028466,0.9176943489722365,4.520540948972236,
43,40,TEST,2.38164,0.9282012821948507,3.3098412821948506,
43,41,TEST,2.1342978,0.5743912213374931,2.7086890213374932,
43,42,TEST,1.9417245,1.174395755627931,3.116120255627931,
43,43,TEST,3.4494293,1.10664609082396,4.55607539082396,
43,44,TEST,2.6319642,1.1081021076721065,3.7400663076721066,
43,45,TEST,2.548738,0.8260776938601233,3.3748156938601235,
43,46,TEST,3.1556468,0.8989804441924258,4.054627244192426,
43,47,TEST,2.95233,0.8685888966557918,3.8209188966557917,
43,48,TEST,2.5605836,0.6165252049923575,3.1771088049923577,
44,3,TEST,1.1094435,1.2745288021870729,2.3839723021870727,1.0844795570910524
45,3,TEST,3.7958462,1.2126264775967943,5.008472677596794,7.05444965813294
46,3,TEST,4.0552526,1.2954554525167814,5.350708052516781,8.278682162970906
