y_true,pred_nnls,std_unweighted,split
2.717622709509551,2.8387504,0.0,TRAIN
1.2921142450701282,1.00903,0.0,TRAIN
2.628538444878437,2.4002614,0.0,TRAIN
1.2522770746338756,0.9196998,0.0,TRAIN
1.2044252573753107,1.0715942,0.0,TRAIN
1.817767004871492,1.3470807,0.0,TRAIN
1.101843606124731,0.8314274,0.0,TRAIN
1.218509956186261,0.7254924,0.0,TRAIN
1.8264746417233315,1.3797934,0.0,TRAIN
1.0805253653347806,0.8814581,0.0,TRAIN
1.2657553869643257,0.7483362,0.0,TRAIN
1.7998545537141892,1.5765152,0.0,TRAIN
1.0636259425726358,0.89952147,0.0,TRAIN
1.0274836417663409,0.78480357,0.0,TRAIN
3.133538908370217,3.3058786,0.0,TRAIN
1.164851649748408,0.8441663,0.0,TRAIN
1.0671851709751985,0.7774125,0.0,TRAIN
3.0280287237359604,3.2733536,0.0,TRAIN
1.0022709318594545,0.8642892,0.0,TRAIN
1.6464938424872213,1.0956178,0.0,TRAIN
2.9311187105752223,2.5744271,0.0,TRAIN
1.0520852178173188,0.7275222,0.0,TRAIN
1.1363672707534085,0.80344766,0.0,TRAIN
1.8131672493419149,1.55342,0.0,TRAIN
1.470832636830519,1.2048297,0.0,TRAIN
0.8980635012860668,0.800542,0.0,TRAIN
1.586274097840673,1.1767471,0.0,TRAIN
0.8485011653828017,0.67509913,0.0,TRAIN
0.7846502738000665,0.67983747,0.0,TRAIN
1.2235683631981462,0.82657546,0.0,TRAIN
0.8143340044767117,0.5394546,0.0,TRAIN
0.8800889326194261,0.7417385,0.0,TRAIN
1.1628270355336134,0.7755055,0.0,TRAIN
0.9770964596724828,0.676471,0.0,TRAIN
1.3386945307066749,1.2235062,0.0,TEST1
3.533136288278639,3.0048888,0.0,TEST1
2.8750612633917,2.6230369,0.0,TEST1
0.8656960599160706,0.7256071,0.0,TEST1
0.6127838567197355,0.5149286,0.0,TEST1
0.7824726241662862,0.5199282,0.0,TEST1
2.386141216421718,2.0265346,0.0,TEST1
2.3025700928301824,1.9249593,0.0,TEST1
0.9724342769573652,0.7504433,0.0,TEST1
1.5982267615389816,1.3691978,0.0,TEST1
1.587464009066074,1.2066585,0.0,TEST1
1.3908291687001455,1.0963228,0.0,TEST1
0.6927488447744945,0.7084327,0.0,TRAIN
1.312588285611738,1.19281,0.0,TRAIN
2.463757293148109,2.4666052,0.0,TRAIN
1.2035382082960937,1.0747156,0.0,TRAIN
1.2339887782299857,1.2655042,0.0,TRAIN
1.7055273278311809,1.4926882,0.0,TRAIN
0.9425613296694012,0.94757205,0.0,TRAIN
1.0691919817071538,0.8149599,0.0,TRAIN
1.7192432632314305,1.5106868,0.0,TRAIN
0.9309632204514596,1.0034521,0.0,TRAIN
0.9334531500496516,0.89551944,0.0,TRAIN
1.683942475593247,1.628029,0.0,TRAIN
1.0452766085283072,0.93636584,0.0,TRAIN
0.9628936387897244,0.8771393,0.0,TRAIN
3.2321487063409915,3.6723301,0.0,TRAIN
1.1067616624742025,0.9997018,0.0,TRAIN
1.0344337536187769,0.8908247,0.0,TRAIN
1.0243384337450268,1.0214419,0.0,TRAIN
1.495049651469867,1.2405509,0.0,TRAIN
2.8641719209446093,3.0077183,0.0,TRAIN
1.074694092747203,0.7620959,0.0,TRAIN
1.1463435786811749,0.86936295,0.0,TRAIN
1.806179973983887,1.6541114,0.0,TRAIN
1.4043925984520431,1.3049016,0.0,TRAIN
1.117140666422203,0.83243877,0.0,TRAIN
1.387498121785386,1.3503743,0.0,TRAIN
0.9511730740743746,0.85213274,0.0,TRAIN
0.9076628249271964,0.799367,0.0,TRAIN
0.9086139136323076,0.7486262,0.0,TRAIN
0.8552381526285389,0.6512302,0.0,TRAIN
0.8923706502854135,0.8310003,0.0,TRAIN
1.0561405737264316,0.8951823,0.0,TRAIN
0.9083784165263512,0.8085734,0.0,TRAIN
1.4613842639416232,1.4728754,0.0,TEST1
0.3023297522340448,0.34066784,0.0,TRAIN
0.9030638025340028,0.9156596,0.0,TRAIN
1.951393691202855,2.0624888,0.0,TRAIN
0.9088330797392212,0.8559401,0.0,TRAIN
0.9438394076863004,0.9552535,0.0,TRAIN
1.4285596292072016,1.3051641,0.0,TRAIN
0.5795847812746173,0.64935195,0.0,TRAIN
0.6102765408469427,0.61730826,0.0,TRAIN
1.4475084101275153,1.3161827,0.0,TRAIN
0.6125723326154966,0.710603,0.0,TRAIN
0.557038367205222,0.6540451,0.0,TRAIN
1.3515614858133842,1.3181908,0.0,TRAIN
0.6214944173631874,0.6125314,0.0,TRAIN
0.4794934918675541,0.61674714,0.0,TRAIN
2.9618300728133757,3.4256806,0.0,TRAIN
0.7334540909561262,0.7405698,0.0,TRAIN
0.5344674105530216,0.6116408,0.0,TRAIN
0.471426243159992,0.64331007,0.0,TRAIN
1.1665875050799814,0.9894683,0.0,TRAIN
2.047058858308353,2.901803,0.0,TRAIN
0.593689997223698,0.54160655,0.0,TRAIN
0.6774400883591186,0.6674553,0.0,TRAIN
1.3250902125991089,1.2801383,0.0,TRAIN
1.0572081587616609,1.0150838,0.0,TRAIN
0.7401793267991856,0.6398345,0.0,TRAIN
1.0194366387904377,1.1003076,0.0,TRAIN
0.6840178172604846,0.78418815,0.0,TRAIN
0.6903005964605246,0.74345696,0.0,TRAIN
0.6857171468092812,0.6036817,0.0,TRAIN
0.5487860985303848,0.51266944,0.0,TRAIN
0.6345308142610844,0.72412056,0.0,TRAIN
0.7966380666602614,0.68356895,0.0,TRAIN
0.7718229539634089,0.66484594,0.0,TRAIN
1.1448950451451592,1.184427,0.0,TEST1
1.4878557231228893,1.7201004,0.0,TRAIN
2.509494237018178,2.2531157,0.0,TRAIN
3.1652019166679666,3.203905,0.0,TRAIN
2.6399324657099825,2.176623,0.0,TRAIN
2.1656023725880345,2.0069265,0.0,TRAIN
2.746594283961722,2.365276,0.0,TRAIN
1.6484743257625258,1.5441585,0.0,TRAIN
1.9558139377153672,1.5904353,0.0,TRAIN
2.861562615965892,2.453388,0.0,TRAIN
1.6829226545271925,1.7578015,0.0,TRAIN
2.0392841861988047,1.8136153,0.0,TRAIN
2.789276873880332,2.7200265,0.0,TRAIN
1.977088178356645,1.7177258,0.0,TRAIN
1.9463730168245883,1.9441097,0.0,TRAIN
2.160640733603925,2.125586,0.0,TRAIN
1.943447898074553,1.8541378,0.0,TRAIN
1.8146600728698188,1.8418815,0.0,TRAIN
2.574983037305581,2.252471,0.0,TRAIN
3.010299956639812,2.8606749,0.0,TRAIN
1.950792524970879,1.4590676,0.0,TRAIN
2.1711444124710546,1.9877965,0.0,TRAIN
3.010299956639812,2.825449,0.0,TRAIN
2.6938827177131124,2.4175696,0.0,TRAIN
2.0262176690550358,1.6870196,0.0,TRAIN
2.5265080260426718,2.3526223,0.0,TRAIN
1.8627753291183355,1.6443058,0.0,TRAIN
1.9946413831451872,1.7292426,0.0,TRAIN
2.2769825640923824,1.8611352,0.0,TRAIN
1.9612065655905784,1.6270499,0.0,TRAIN
1.8651442560450189,1.7233509,0.0,TRAIN
2.415679611373922,1.964665,0.0,TRAIN
1.861400236569292,1.6407185,0.0,TRAIN
2.689977607578294,2.4314342,0.0,TEST1
1.619498109532127,1.6318953,0.0,TRAIN
2.2363046660079378,2.2988572,0.0,TRAIN
1.8153604221386264,2.2823315,0.0,TRAIN
1.660051938264934,2.0503874,0.0,TRAIN
2.2852797946208634,2.4713857,0.0,TRAIN
1.6084596239109674,1.9739867,0.0,TRAIN
1.9149387071586668,1.8956802,0.0,TRAIN
2.4520653658648475,2.5200977,0.0,TRAIN
1.6421905826041154,1.7538276,0.0,TRAIN
1.7962716853413858,1.9941761,0.0,TRAIN
2.6616464844388865,2.8324723,0.0,TRAIN
2.01005807718128,2.0146215,0.0,TRAIN
1.80932199361308,1.9548252,0.0,TRAIN
1.9717961875899184,2.101098,0.0,TRAIN
1.8498403404978057,2.0282855,0.0,TRAIN
1.8198094960806444,2.116467,0.0,TRAIN
2.5587771199465505,2.5477915,0.0,TRAIN
2.05020011920372,1.8646201,0.0,TRAIN
1.9170465141590325,2.0568957,0.0,TRAIN
2.989110657552909,2.6495342,0.0,TRAIN
2.5989404267967333,2.43394,0.0,TRAIN
2.3232680404466337,2.1037889,0.0,TRAIN
2.743680731780552,2.485649,0.0,TRAIN
2.2848414351859865,2.296209,0.0,TRAIN
2.354438367799905,2.2948275,0.0,TRAIN
2.5383644107322194,2.4114718,0.0,TRAIN
2.3061953142468594,2.2981992,0.0,TRAIN
2.2670475092258333,2.0600526,0.0,TRAIN
2.3116211970917626,2.1313846,0.0,TRAIN
2.256386366878349,2.262804,0.0,TRAIN
2.1018519162644163,2.2375493,0.0,TEST1
0.7523623256652712,0.7128035,0.0,TRAIN
1.131993294689315,1.135165,0.0,TRAIN
2.3264736253509346,2.4116983,0.0,TRAIN
1.1259522597373337,1.019655,0.0,TRAIN
1.0633381447980197,1.1655549,0.0,TRAIN
1.7080406315219503,1.4809189,0.0,TRAIN
0.8346334028526263,0.8498214,0.0,TRAIN
0.9424102911050448,0.7627147,0.0,TRAIN
1.707863717507739,1.5139526,0.0,TRAIN
0.7080083477560194,0.8432894,0.0,TRAIN
0.8482845735443323,0.7614435,0.0,TRAIN
1.463769095008156,1.559577,0.0,TRAIN
0.8000045857884172,0.731213,0.0,TRAIN
0.7911525391032195,0.7846362,0.0,TRAIN
0.904741971807668,0.8694349,0.0,TRAIN
0.8503201862681276,0.8036623,0.0,TRAIN
0.91671677572327,0.9513706,0.0,TRAIN
1.388192582868046,1.1976845,0.0,TRAIN
1.012468640731677,0.66588926,0.0,TRAIN
0.8537700375354493,0.78282416,0.0,TRAIN
1.749760132336324,1.629419,0.0,TRAIN
1.3941501950978723,1.2419147,0.0,TRAIN
0.920629969239672,0.75896466,0.0,TRAIN
1.3236857648133633,1.3119782,0.0,TRAIN
0.7273937206786463,0.7804463,0.0,TRAIN
0.6390568083462046,0.76037043,0.0,TRAIN
1.1612795699771183,0.8189183,0.0,TRAIN
0.6151364570314269,0.5524161,0.0,TRAIN
0.7173463582812529,0.77917093,0.0,TRAIN
0.9582059979781642,0.8498593,0.0,TRAIN
0.9125455618422812,0.7754605,0.0,TRAIN
1.2861602481760936,1.4181182,0.0,TEST1
0.7193768992671851,0.636619,0.0,TRAIN
1.0805022699551408,1.0368366,0.0,TRAIN
2.064079569638824,2.1726236,0.0,TRAIN
0.8787181708868833,0.9781796,0.0,TRAIN
0.984200076876042,1.1508393,0.0,TRAIN
1.3004058151187787,1.2006959,0.0,TRAIN
1.1291856988368922,1.2049216,0.0,TRAIN
1.069017568023276,1.0060803,0.0,TRAIN
1.3684806242518246,1.2119482,0.0,TRAIN
1.1877667531258618,1.173753,0.0,TRAIN
1.2662569798446466,1.178283,0.0,TRAIN
1.2072812167422116,1.2527623,0.0,TRAIN
1.1449272637798753,1.0021548,0.0,TRAIN
1.1932497854602635,1.0879707,0.0,TRAIN
3.573050214011414,4.056933,0.0,TRAIN
1.2214559917497432,1.1133103,0.0,TRAIN
1.196892700088653,1.1493237,0.0,TRAIN
3.709269960975831,4.017702,0.0,TRAIN
1.2187817000854526,1.2696314,0.0,TRAIN
1.1658842334001112,1.0615386,0.0,TRAIN
3.72055097137682,3.6991673,0.0,TRAIN
1.1367097977877436,0.8728065,0.0,TRAIN
1.2034870781981095,1.0054119,0.0,TRAIN
1.400602674766561,1.2666447,0.0,TRAIN
1.1160193094706057,1.117549,0.0,TRAIN
1.352422262197257,1.1339717,0.0,TRAIN
1.0295550142427403,1.1099808,0.0,TRAIN
1.3708134673322072,1.3674353,0.0,TRAIN
1.3644480662462812,1.2320007,0.0,TRAIN
1.1568825690463391,1.0096252,0.0,TRAIN
1.3839671135431884,1.2227511,0.0,TRAIN
1.365806382154572,1.2278711,0.0,TRAIN
1.338793973613754,1.0884196,0.0,TRAIN
1.4431405644230872,1.3276527,0.0,TRAIN
1.0271563090205733,1.3377883,0.0,TEST1
2.18937800584203,1.856135,0.0,TEST1
0.6291242371043724,0.70006454,0.0,TRAIN
1.1943468339752097,1.2307599,0.0,TRAIN
2.299540952930785,2.5641942,0.0,TRAIN
1.1998961753194035,1.1456139,0.0,TRAIN
1.1418999726532808,1.2125835,0.0,TRAIN
1.8403640983673988,1.6622633,0.0,TRAIN
0.8046134272438992,0.8708067,0.0,TRAIN
1.0745306280071691,0.84620607,0.0,TRAIN
1.8462809388780268,1.6833465,0.0,TRAIN
0.7701639606188876,0.96326244,0.0,TRAIN
0.8058157578038895,0.9077872,0.0,TRAIN
1.881203449747416,1.7753193,0.0,TRAIN
1.0250341835977514,0.89326257,0.0,TRAIN
0.6895732956468592,0.80909646,0.0,TRAIN
3.533178701877738,3.6798248,0.0,TRAIN
1.0534549496017598,1.0682476,0.0,TRAIN
0.7376611261138889,0.818658,0.0,TRAIN
0.7277045657759272,0.9115961,0.0,TRAIN
1.5820480751358044,1.3881574,0.0,TRAIN
1.0249845910178272,0.77468103,0.0,TRAIN
1.021351807714389,0.9412986,0.0,TRAIN
1.810568407358671,1.8248117,0.0,TRAIN
1.4191507825354612,1.3856705,0.0,TRAIN
0.99969851129257,0.82807463,0.0,TRAIN
1.4391006494258058,1.496735,0.0,TRAIN
0.8145755541758382,0.8386761,0.0,TRAIN
0.5397351230139728,0.66071165,0.0,TRAIN
0.720299451443908,0.72878027,0.0,TRAIN
0.6624500067533386,0.6254295,0.0,TRAIN
0.7967319987871704,0.76271427,0.0,TRAIN
1.1469954021082571,0.9591299,0.0,TRAIN
0.819092691245128,0.78998315,0.0,TRAIN
1.4260741052240358,1.5654676,0.0,TEST1
0.2233273100741175,0.3066653,0.0,TRAIN
0.6337278126158951,0.69707024,0.0,TRAIN
1.7386773670500282,1.6212566,0.0,TRAIN
0.6237819837357833,0.5667373,0.0,TRAIN
0.6449623547781695,0.7927273,0.0,TRAIN
1.1636418113863178,0.9168149,0.0,TRAIN
0.5945158603450006,0.5845767,0.0,TRAIN
0.8171181316129663,0.5680132,0.0,TRAIN
1.0478465098102745,0.9201337,0.0,TRAIN
0.6295074191362704,0.59861374,0.0,TRAIN
0.8215345948444485,0.5351709,0.0,TRAIN
0.8702573249459443,0.8514206,0.0,TRAIN
0.8664231067365935,0.50371265,0.0,TRAIN
0.7151236238657533,0.55419743,0.0,TRAIN
3.2321487063409915,3.724554,0.0,TRAIN
0.517545245394324,0.42126,0.0,TRAIN
0.8229741223793963,0.5266348,0.0,TRAIN
0.8535677392410589,0.58906925,0.0,TRAIN
0.6537223750792256,0.5340172,0.0,TRAIN
2.9311187105752223,2.7195406,0.0,TRAIN
0.813066604685409,0.4854293,0.0,TRAIN
0.365959363805271,0.335554,0.0,TRAIN
0.9977231638446568,0.8568952,0.0,TRAIN
0.6517802121303164,0.6786721,0.0,TRAIN
0.7607147546636456,0.5811511,0.0,TRAIN
0.6119904665387914,0.655884,0.0,TRAIN
0.8969235814307157,0.8115985,0.0,TRAIN
0.8177291035384315,0.8043774,0.0,TRAIN
0.3471568511093442,0.48185182,0.0,TRAIN
0.7010361875335858,0.50479376,0.0,TRAIN
0.9179810523697648,0.80167407,0.0,TRAIN
0.4773986835930383,0.3635453,0.0,TRAIN
0.6716995317911756,0.63298416,0.0,TRAIN
0.6747713443304956,0.7912615,0.0,TEST1
-0.1422329916264247,0.104046345,0.0,TRAIN
1.551652856141914,1.4436641,0.0,TRAIN
2.661428467126507,2.8635483,0.0,TRAIN
1.5233701469325351,1.5203818,0.0,TRAIN
0.4579508027550838,0.79896426,0.0,TRAIN
2.189884154140873,2.1431828,0.0,TRAIN
0.5111263728511561,0.7116356,0.0,TRAIN
0.7936869182544245,0.7085471,0.0,TRAIN
2.076892406979559,2.1619449,0.0,TRAIN
0.7004009594281816,1.0459704,0.0,TRAIN
1.102249934168168,1.1262174,0.0,TRAIN
1.8559218455553,2.3087149,0.0,TRAIN
0.8792575987805666,0.9648149,0.0,TRAIN
0.920431876845079,1.0372822,0.0,TRAIN
0.895108321614127,1.0678462,0.0,TRAIN
1.87515581342602,1.8477501,0.0,TRAIN
0.9213768536053056,0.96493274,0.0,TRAIN
0.576617464143004,0.8626209,0.0,TRAIN
2.2430461853033177,2.2551818,0.0,TRAIN
1.7623266902432275,1.7086755,0.0,TRAIN
0.821484101238241,0.6724886,0.0,TRAIN
1.304689192518448,1.3460516,0.0,TRAIN
1.9549683210644784,2.1908677,0.0,TRAIN
1.634697617392311,1.6747366,0.0,TRAIN
0.8653667192053551,0.8401511,0.0,TRAIN
2.107897144593646,2.205297,0.0,TRAIN
0.5371784219467027,0.75977486,0.0,TRAIN
0.1683614331693294,0.23530662,0.0,TRAIN
0.5940963754986512,0.73011947,0.0,TRAIN
0.4927738712174493,0.56828475,0.0,TRAIN
0.4120424637368887,0.6461077,0.0,TRAIN
1.3492254111406805,1.2946203,0.0,TRAIN
0.5022125070550273,0.64438426,0.0,TRAIN
1.7412245887925375,1.8815376,0.0,TEST1
2.092104294111345,2.2083187,0.0,TRAIN
2.6898587219383927,2.5939984,0.0,TRAIN
3.1652019166679666,3.0636413,0.0,TRAIN
2.8891542090457007,2.5732515,0.0,TRAIN
2.701152070737647,2.5523438,0.0,TRAIN
3.010299956639812,2.7536373,0.0,TRAIN
2.4703878720833137,2.3802204,0.0,TRAIN
2.44487484066428,2.1173275,0.0,TRAIN
2.957562193555848,2.789332,0.0,TRAIN
2.47328246074972,2.3233044,0.0,TRAIN
2.5075857361076577,2.3376951,0.0,TRAIN
2.844541105152449,2.8715315,0.0,TRAIN
2.398020800081693,2.3265338,0.0,TRAIN
2.3853108249965858,2.4255831,0.0,TRAIN
2.806179973983887,3.2161198,0.0,TRAIN
2.452008013582377,2.4548469,0.0,TRAIN
2.386844595233528,2.236465,0.0,TRAIN
2.4059443954389472,2.4832664,0.0,TRAIN
2.7668342422296943,2.7977822,0.0,TRAIN
2.324522762358017,1.9719516,0.0,TRAIN
2.529649186595796,2.5403645,0.0,TRAIN
2.8585680434728777,2.6553912,0.0,TRAIN
2.6461512732611605,2.5050206,0.0,TRAIN
2.0616843466437187,2.0625703,0.0,TRAIN
2.6837485114267543,2.7076519,0.0,TRAIN
2.136299473710971,2.0455785,0.0,TRAIN
2.2478786021765487,2.1442533,0.0,TRAIN
2.237599917587767,2.0874825,0.0,TRAIN
2.207249679516237,2.0125322,0.0,TRAIN
2.138630429856395,2.0621693,0.0,TRAIN
2.3215645026019507,2.2011666,0.0,TRAIN
2.125530117991607,2.0631285,0.0,TRAIN
2.473228264603366,2.5091815,0.0,TEST1
1.0614000390095295,1.097415,0.0,TRAIN
1.3959369054611626,1.2475026,0.0,TRAIN
2.6258150518340497,2.714708,0.0,TRAIN
1.4460054986244042,1.1731,0.0,TRAIN
1.383122452268804,1.2497914,0.0,TRAIN
2.129701649242331,1.702416,0.0,TRAIN
1.107500457896163,0.9062673,0.0,TRAIN
1.4229809451308104,0.8615893,0.0,TRAIN
2.1409905108612346,1.7161907,0.0,TRAIN
1.0763059700402873,1.057086,0.0,TRAIN
1.0796277353788544,0.9363697,0.0,TRAIN
1.9809082464849648,1.9442466,0.0,TRAIN
1.3258008215653436,1.1361556,0.0,TRAIN
0.9128665199965408,0.8596485,0.0,TRAIN
1.3696122337316667,1.1569936,0.0,TRAIN
0.8473997020923856,0.8687912,0.0,TRAIN
0.8956415824150794,0.967341,0.0,TRAIN
1.972659518020981,1.4708875,0.0,TRAIN
1.179355583615533,0.9181725,0.0,TRAIN
1.2999838632716056,1.0215983,0.0,TRAIN
2.229965202886006,2.023407,0.0,TRAIN
1.886300972332837,1.5466883,0.0,TRAIN
1.002168070741957,0.87459683,0.0,TRAIN
1.658340584009279,1.5637573,0.0,TRAIN
0.836079044595917,0.80135906,0.0,TRAIN
0.7717697302125313,0.6751647,0.0,TRAIN
1.078128550101312,0.84128296,0.0,TRAIN
0.862605885475969,0.6319097,0.0,TRAIN
0.9080859744612942,0.77157253,0.0,TRAIN
1.193350813535308,0.9519998,0.0,TRAIN
0.9495989822930962,0.7861446,0.0,TRAIN
1.645702347988537,1.5375769,0.0,TEST1
1.9650065448126963,2.215928,0.0,TRAIN
2.7329480604716214,2.7230506,0.0,TRAIN
3.1072099696478683,3.1438122,0.0,TRAIN
2.807659684014007,2.6859097,0.0,TRAIN
2.787935519884809,2.721085,0.0,TRAIN
3.0319775014575177,2.889625,0.0,TRAIN
2.6575070456095484,2.5659342,0.0,TRAIN
2.442604859685826,2.1503005,0.0,TRAIN
3.092232813505593,2.9378238,0.0,TRAIN
2.397750031735502,2.4643097,0.0,TRAIN
2.69035196678045,2.5119987,0.0,TRAIN
3.1393946528738583,3.0249999,0.0,TRAIN
2.4734317349507577,2.4035306,0.0,TRAIN
2.6050864459611662,2.576222,0.0,TRAIN
3.709269960975831,4.0043354,0.0,TRAIN
2.779851035278502,2.6487331,0.0,TRAIN
2.489522882514702,2.391671,0.0,TRAIN
2.709269960975831,3.2673426,0.0,TRAIN
2.520662144450533,2.550803,0.0,TRAIN
3.584331224367531,3.1563792,0.0,TRAIN
3.709269960975831,3.678687,0.0,TRAIN
2.5131746628736185,2.195849,0.0,TRAIN
2.817231320489284,2.704915,0.0,TRAIN
2.9311187105752223,2.8152528,0.0,TRAIN
2.667601270414288,2.6372812,0.0,TRAIN
2.2990371856601644,2.1766026,0.0,TRAIN
3.1072099696478683,2.9443207,0.0,TRAIN
2.2795719264908367,2.210331,0.0,TRAIN
2.362452241411932,2.3687327,0.0,TRAIN
2.3902972650018635,2.2254171,0.0,TRAIN
2.3628451751632946,2.2136393,0.0,TRAIN
2.278448725985383,2.2970104,0.0,TRAIN
2.5671476213153657,2.3292866,0.0,TRAIN
2.3400274494253197,2.270536,0.0,TRAIN
2.7431282282261957,2.6574984,0.0,TEST1
2.7035176320912635,2.9299173,0.0,TRAIN
2.9995510504984804,2.9329324,0.0,TRAIN
3.0086944298332874,2.85211,0.0,TRAIN
2.9711552281331017,2.95509,0.0,TRAIN
3.3412931756246875,3.0828793,0.0,TRAIN
2.7115232870173465,2.658368,0.0,TRAIN
2.715059985558049,2.49004,0.0,TRAIN
3.392445698204016,3.0910196,0.0,TRAIN
2.9720520678557283,2.7769797,0.0,TRAIN
2.715099504620721,2.644864,0.0,TRAIN
3.380211241711606,3.2364116,0.0,TRAIN
2.7827992303805384,2.7427845,0.0,TRAIN
3.584331224367531,3.334193,0.0,TRAIN
3.2833012287035497,3.4557524,0.0,TRAIN
3.1167055943194395,2.803791,0.0,TRAIN
2.773339751616456,2.6386075,0.0,TRAIN
3.885361220031512,3.5625324,0.0,TRAIN
3.1514136320961423,3.1868982,0.0,TRAIN
2.6364903946928884,2.4702187,0.0,TRAIN
2.4149733479708178,2.4767702,0.0,TRAIN
2.3290587191963663,2.4579024,0.0,TRAIN
3.2321487063409915,2.8532138,0.0,TRAIN
2.970990222637022,2.4714272,0.0,TRAIN
3.584331224367531,3.2550268,0.0,TRAIN
3.0724478635583026,2.965239,0.0,TRAIN
3.175132702233188,3.0592222,0.0,TRAIN
2.454247553432036,2.4134893,0.0,TRAIN
3.175132702233188,2.9797049,0.0,TRAIN
3.0914157023641056,2.8940232,0.0,TRAIN
3.127796500322832,2.7921398,0.0,TRAIN
3.250772003884169,2.9884489,0.0,TRAIN
2.4420982326406757,2.3669317,0.0,TEST1
2.4781189850774563,2.2777405,0.0,TEST1
1.1295031347407547,1.0162365,0.0,TRAIN
1.523640288076399,1.3862699,0.0,TRAIN
2.755027451544988,2.7533507,0.0,TRAIN
1.5301658659857371,1.2976292,0.0,TRAIN
1.4373618042030163,1.2565036,0.0,TRAIN
2.2716784156234757,1.8829454,0.0,TRAIN
1.2542285453033104,1.0488408,0.0,TRAIN
1.5270663931378077,1.1282101,0.0,TRAIN
2.253452864177313,1.9346021,0.0,TRAIN
1.136839462611266,1.0845149,0.0,TRAIN
1.1660246286828313,1.0645932,0.0,TRAIN
2.0838283492993765,2.1220193,0.0,TRAIN
1.531127434573906,1.2602025,0.0,TRAIN
1.1214100990446796,1.0521641,0.0,TRAIN
1.4424629101152942,1.2650775,0.0,TRAIN
1.1602317040332553,1.0498856,0.0,TRAIN
1.1867690715374468,1.1461725,0.0,TRAIN
2.193722882724713,1.8785578,0.0,TRAIN
1.4863541661137176,1.1270366,0.0,TRAIN
1.3718322198558657,1.1883395,0.0,TRAIN
2.1492427847556077,2.0255885,0.0,TRAIN
1.8202046580757163,1.5140482,0.0,TRAIN
1.3149102376714643,1.0459602,0.0,TRAIN
1.9663297890892533,1.8156644,0.0,TRAIN
0.9094426872328756,0.850043,0.0,TRAIN
0.999748952972639,0.8278202,0.0,TRAIN
1.349806213140085,1.0995579,0.0,TRAIN
0.9732863145447482,0.87360924,0.0,TRAIN
1.1121335130582164,0.95687544,0.0,TRAIN
1.4876175469644823,1.1942868,0.0,TRAIN
1.1233027273920344,0.96367323,0.0,TRAIN
2.2179082670821817,1.9702996,0.0,TEST1
0.6681114740546061,0.6909716,0.0,TRAIN
1.0812866175719862,1.1941454,0.0,TRAIN
2.269712883557757,2.5015786,0.0,TRAIN
1.1743167174093028,1.037915,0.0,TRAIN
1.1607506060524757,1.1794348,0.0,TRAIN
1.6348879324268837,1.5679524,0.0,TRAIN
0.9343567354085708,0.89824045,0.0,TRAIN
1.0110447506048643,0.7813895,0.0,TRAIN
1.6348879324268837,1.6061655,0.0,TRAIN
0.8640501950895803,0.9526961,0.0,TRAIN
0.8806259535071533,0.8363291,0.0,TRAIN
1.4595256209836869,1.6479585,0.0,TRAIN
0.6024305828742751,0.6774299,0.0,TRAIN
0.3876151122675186,0.8388038,0.0,TRAIN
3.419520975712839,3.9542713,0.0,TRAIN
0.7586179204529679,0.95473623,0.0,TRAIN
0.3822494538879242,0.79028726,0.0,TRAIN
0.8023854357124701,0.9628461,0.0,TRAIN
1.286756080991466,1.3084089,0.0,TRAIN
2.570117420131424,2.738625,0.0,TRAIN
0.6610093980261985,0.5232171,0.0,TRAIN
0.6635791648397235,0.8074697,0.0,TRAIN
1.4588285045935665,1.6707022,0.0,TRAIN
1.1142669932117084,1.2264123,0.0,TRAIN
0.7510148092124386,0.70991147,0.0,TRAIN
1.252605541210554,1.3965101,0.0,TRAIN
0.6346981860190569,0.74230504,0.0,TRAIN
0.4267104145372685,0.7539905,0.0,TRAIN
0.6193586587152295,0.57932854,0.0,TRAIN
0.5807291274047428,0.5655887,0.0,TRAIN
0.6113167011256991,0.72290456,0.0,TRAIN
0.8038238756632731,0.89680994,0.0,TRAIN
0.7539889828025744,0.7639308,0.0,TRAIN
1.7214028733537714,1.7102628,0.0,TEST1
1.2980341942422944,1.1681644,0.0,TEST1
1.9792411590509016,1.8279727,0.0,TEST1
2.630088714962135,2.723529,0.0,TEST1
1.7935483905388,1.6678851,0.0,TEST1
1.7314485053871222,1.63475,0.0,TEST1
2.412848827792785,2.0243998,0.0,TEST1
1.4347039304233364,1.4432151,0.0,TEST1
1.896240729482065,1.4739125,0.0,TEST1
2.310458272502587,2.047163,0.0,TEST1
1.2915725027934055,1.41257,0.0,TEST1
1.3864374738383145,1.3554738,0.0,TEST1
2.3695475654635323,2.383728,0.0,TEST1
1.6918773108865175,1.4959284,0.0,TEST1
1.5067081532677438,1.431342,0.0,TEST1
1.8483826754325667,1.5072,0.0,TEST1
1.405433786996964,1.3829049,0.0,TEST1
1.3794857223606958,1.5079911,0.0,TEST1
2.405410675228675,2.1998882,0.0,TEST1
1.7122593506195067,1.3875346,0.0,TEST1
1.732739573209557,1.5719103,0.0,TEST1
2.207503074027805,2.201685,0.0,TEST1
1.8548898517152208,1.8594712,0.0,TEST1
1.3958798007423254,1.3338125,0.0,TEST1
1.9964361683551093,2.0462155,0.0,TEST1
1.3220191354385784,1.3056033,0.0,TEST1
1.4294962795096318,1.3324008,0.0,TEST1
1.8334632332387368,1.576576,0.0,TEST1
1.3802790044596178,1.257987,0.0,TEST1
1.363667162430404,1.3450239,0.0,TEST1
1.694954570671179,1.4508686,0.0,TEST1
1.3931985083884262,1.3112072,0.0,TEST1
1.1028544587058955,1.3091595,0.0,TEST2
0.7145073595113562,0.6910063,0.0,TRAIN
1.144874405858073,0.97579664,0.0,TRAIN
2.2083065792710816,2.2748199,0.0,TRAIN
1.0849870555805643,0.8439742,0.0,TRAIN
1.1160283913883655,0.9233744,0.0,TRAIN
1.647753275172258,1.3620684,0.0,TRAIN
0.5846084075871351,0.526567,0.0,TRAIN
0.7057832467333562,0.4681492,0.0,TRAIN
1.6308887663966996,1.3879939,0.0,TRAIN
0.6378756577900179,0.6795293,0.0,TRAIN
0.6432907218649421,0.55869734,0.0,TRAIN
1.2652625297082083,1.4494996,0.0,TRAIN
1.4531209782517387,0.9802378,0.0,TRAIN
0.5736200702612362,0.59137034,0.0,TRAIN
2.635743393971506,3.116332,0.0,TRAIN
0.706181028751966,0.7085217,0.0,TRAIN
0.6697601245781957,0.54700065,0.0,TRAIN
0.6518607954708626,0.5930346,0.0,TRAIN
1.0952373859201612,0.92087203,0.0,TRAIN
1.3590219426959549,0.8117027,0.0,TRAIN
0.5548507606162941,0.6267092,0.0,TRAIN
1.592341755064075,1.4170519,0.0,TRAIN
1.112929218372725,1.1056681,0.0,TRAIN
0.4996994980405926,0.524174,0.0,TRAIN
1.024518711408389,1.0344115,0.0,TRAIN
0.6348068300197319,0.5164695,0.0,TRAIN
0.4108142480255898,0.34438574,0.0,TRAIN
0.6437513173569928,0.49698222,0.0,TRAIN
0.5620340987430851,0.3197447,0.0,TRAIN
0.6126313573119958,0.45429254,0.0,TRAIN
0.7955021170478915,0.61688924,0.0,TRAIN
0.6709716567542129,0.44956112,0.0,TRAIN
1.5621738633646485,1.3839555,0.0,TEST1
1.077919152165553,1.5337524,0.0,TRAIN
1.8402276000830105,1.9245304,0.0,TRAIN
3.411517675006757,3.3095646,0.0,TRAIN
1.8911907637042995,1.9143012,0.0,TRAIN
1.7540476375392515,1.7336141,0.0,TRAIN
2.6604370859021125,2.4111402,0.0,TRAIN
1.3168808691024876,1.380374,0.0,TRAIN
1.977413805275109,1.5418748,0.0,TRAIN
2.749890617712448,2.469005,0.0,TRAIN
1.628872263842029,1.6706511,0.0,TRAIN
1.2806781103019422,1.6578934,0.0,TRAIN
2.7935944590289385,2.84875,0.0,TRAIN
1.9887927913246937,1.7092446,0.0,TRAIN
1.8389579559139224,1.7861409,0.0,TRAIN
2.1588655172082816,2.0719469,0.0,TRAIN
1.775795977343943,1.6705638,0.0,TRAIN
1.7373424703272484,1.7172137,0.0,TRAIN
2.57905698382687,2.2401266,0.0,TRAIN
1.992458131871611,1.4410465,0.0,TRAIN
2.160872711364267,1.9817798,0.0,TRAIN
2.6797335597756007,2.7677183,0.0,TRAIN
2.2757589602060446,2.2440188,0.0,TRAIN
1.833199618640293,1.5781534,0.0,TRAIN
2.282470076630429,2.268167,0.0,TRAIN
1.4190698850776045,1.4100897,0.0,TRAIN
1.4168033690100843,1.2714113,0.0,TRAIN
1.9710897797707936,1.5457094,0.0,TRAIN
1.588959669936099,1.3833547,0.0,TRAIN
1.6045430721448617,1.4695356,0.0,TRAIN
1.9666896922353896,1.7566044,0.0,TRAIN
1.472289660700545,1.4321338,0.0,TRAIN
1.7133246983871142,1.7945354,0.0,TEST1
1.503729055701438,1.4113122,0.0,TRAIN
1.8369204137925663,1.653158,0.0,TRAIN
2.6623119320265687,2.6738687,0.0,TRAIN
1.831592891870582,1.5165542,0.0,TRAIN
1.7979760666044544,1.6132511,0.0,TRAIN
2.171641638919074,1.7510109,0.0,TRAIN
1.6653151921992169,1.5377564,0.0,TRAIN
1.7283604649907085,1.3847176,0.0,TRAIN
2.134562334126135,1.7711804,0.0,TRAIN
1.55203018329482,1.5315273,0.0,TRAIN
1.6807614670268516,1.5064235,0.0,TRAIN
2.153182048512792,2.067595,0.0,TRAIN
1.656208619091353,1.377931,0.0,TRAIN
1.6632687494537215,1.5083135,0.0,TRAIN
1.7096459463103422,1.548276,0.0,TRAIN
1.5690769346944675,1.5027213,0.0,TRAIN
1.6364575378071295,1.6005865,0.0,TRAIN
1.858477518279667,1.5694565,0.0,TRAIN
4.010299956639812,3.7079058,0.0,TRAIN
1.5774229500877197,1.2095984,0.0,TRAIN
1.3587130779885,1.3601004,0.0,TRAIN
2.279573837207298,2.0639277,0.0,TRAIN
1.767442096225798,1.6188797,0.0,TRAIN
1.5955659124514692,1.4346503,0.0,TRAIN
1.783030785810642,1.6442599,0.0,TRAIN
1.5673368503207077,1.5349512,0.0,TRAIN
1.5899906357498594,1.4762583,0.0,TRAIN
1.7973242745473548,1.4006175,0.0,TRAIN
1.5857688916245816,1.4216529,0.0,TRAIN
1.5743914868249798,1.521629,0.0,TRAIN
1.5823349263461737,1.4376423,0.0,TRAIN
1.6210291385563425,1.5262823,0.0,TRAIN
1.3012227550923254,1.6557058,0.0,TEST1
1.1101827271327789,1.4735138,0.0,TRAIN
3.18063888689688,3.3166633,0.0,TRAIN
2.885361220031512,3.0512078,0.0,TRAIN
2.290189401293984,2.5377314,0.0,TRAIN
3.3239190795875784,3.2323394,0.0,TRAIN
1.5538606089487317,1.8135719,0.0,TRAIN
1.761765437600715,1.547586,0.0,TRAIN
3.3169098297640387,3.3039236,0.0,TRAIN
2.016035821575313,2.224181,0.0,TRAIN
2.115499430899143,2.3901563,0.0,TRAIN
1.7477351739299931,1.8633971,0.0,TRAIN
2.0287755759591404,2.4022503,0.0,TRAIN
3.584331224367531,4.212475,0.0,TRAIN
2.604705532675834,2.8051634,0.0,TRAIN
1.9707836288653249,2.2405977,0.0,TRAIN
1.700174817654685,2.1818037,0.0,TRAIN
2.7766955758886747,2.8232503,0.0,TRAIN
1.5691173032112216,1.2717227,0.0,TRAIN
2.2566432410098,2.6420245,0.0,TRAIN
3.1652019166679666,3.3388665,0.0,TRAIN
2.612359947967774,2.9453182,0.0,TRAIN
1.8985415848248983,1.6589292,0.0,TRAIN
2.9273257215862087,3.008085,0.0,TRAIN
1.80847629610804,1.9207308,0.0,TRAIN
1.376492826432042,1.582371,0.0,TRAIN
1.4611699067309234,1.5496268,0.0,TRAIN
1.770494762059855,1.6968827,0.0,TRAIN
1.434113010408689,1.6817064,0.0,TRAIN
2.255943371691413,2.1900868,0.0,TRAIN
1.5126344498799469,1.9521902,0.0,TRAIN
3.0018197391497936,3.1738734,0.0,TEST1
0.5228787452369081,0.45346534,0.0,TRAIN
1.1476629502379845,0.77266365,0.0,TRAIN
2.1813791683453023,2.3249075,0.0,TRAIN
1.1080659634172931,0.6541834,0.0,TRAIN
0.4512286411671128,0.18114316,0.0,TRAIN
1.6633676699529385,1.1619498,0.0,TRAIN
-0.0828268912358489,-0.25213993,0.0,TRAIN
0.6471813512110501,-0.059028268,0.0,TRAIN
1.6416271331813803,1.213356,0.0,TRAIN
0.4750752750792898,0.24306512,0.0,TRAIN
0.733842164831134,0.25774813,0.0,TRAIN
1.619149452671916,1.3730023,0.0,TRAIN
0.6069442808336508,0.4331063,0.0,TRAIN
0.499307739979917,0.33701026,0.0,TRAIN
2.201140475515676,2.466825,0.0,TRAIN
1.3194794415856752,0.86081845,0.0,TRAIN
0.4908100347865815,0.08536732,0.0,TRAIN
0.1595104837248195,0.013677478,0.0,TRAIN
1.7022385310216377,1.1146482,0.0,TRAIN
3.2321487063409915,2.1993227,0.0,TRAIN
0.5299735620298585,0.1914264,0.0,TRAIN
0.8148119343663113,0.4448099,0.0,TRAIN
1.6342841649995283,1.2959137,0.0,TRAIN
1.2359531528963366,0.8117285,0.0,TRAIN
0.5379655594125324,0.019817233,0.0,TRAIN
1.4454716432181611,1.0908556,0.0,TRAIN
0.0905757062308727,-0.15183079,0.0,TRAIN
-0.1652596047701389,-0.45776117,0.0,TRAIN
0.1282437657189425,0.009303331,0.0,TRAIN
0.2339702301872099,-0.2172755,0.0,TRAIN
-0.0226724451781345,-0.19625604,0.0,TRAIN
1.0223495237011908,0.46330345,0.0,TRAIN
-0.4403186072706373,-0.09996748,0.0,TRAIN
2.292691745484217,1.9902188,0.0,TEST1
0.568201724066995,0.44523585,0.0,TEST1
0.5901081668953244,0.62916446,0.0,TRAIN
1.330073426511114,1.203379,0.0,TRAIN
2.4819435620504597,2.5854647,0.0,TRAIN
1.2420753141919754,1.0847547,0.0,TRAIN
1.2687023429386317,1.1869736,0.0,TRAIN
1.7574988907994369,1.5414777,0.0,TRAIN
0.759423076541984,0.77710253,0.0,TRAIN
1.2888975940771148,0.6836033,0.0,TRAIN
1.6870968198241831,1.5638483,0.0,TRAIN
0.6872518347600378,0.8744654,0.0,TRAIN
0.6731383881804288,0.748376,0.0,TRAIN
1.5723397456232904,1.6741322,0.0,TRAIN
0.91713166081777,0.84218365,0.0,TRAIN
0.5967495797724865,0.8160546,0.0,TRAIN
3.069421408635089,3.792643,0.0,TRAIN
0.8537025129125366,0.9696559,0.0,TRAIN
0.6816984822133668,0.7330803,0.0,TRAIN
0.6576764469058741,0.8645055,0.0,TRAIN
1.4777529558627986,1.2988594,0.0,TRAIN
3.266133203484449,3.321014,0.0,TRAIN
0.8091437671541825,0.6392528,0.0,TRAIN
0.7687163840955588,0.8507609,0.0,TRAIN
1.806489741825652,1.7626364,0.0,TRAIN
1.4667733230068671,1.3448731,0.0,TRAIN
0.7436992204268281,0.6654043,0.0,TRAIN
1.5182729094496246,1.443342,0.0,TRAIN
0.5573692224372574,0.64174247,0.0,TRAIN
0.5818584889258636,0.6204419,0.0,TRAIN
0.9412536760256474,0.62069535,0.0,TRAIN
0.5434510396315341,0.50177467,0.0,TRAIN
0.5765235638275839,0.6277586,0.0,TRAIN
1.1745448409320502,0.90676683,0.0,TRAIN
0.7404554512842622,0.6399585,0.0,TRAIN
1.4926073585866075,1.5062454,0.0,TEST1
0.6419150127158548,0.68383145,0.0,TRAIN
1.0984902847939049,1.0945278,0.0,TRAIN
2.3886581738060277,2.3096964,0.0,TRAIN
1.0244355875383513,0.9920002,0.0,TRAIN
1.0429925789458998,1.1805472,0.0,TRAIN
1.6266162600066298,1.419039,0.0,TRAIN
0.7060532243129963,0.85454774,0.0,TRAIN
1.0411797007258066,0.83059585,0.0,TRAIN
1.5977576442765933,1.4332838,0.0,TRAIN
0.7780935899101881,0.8814336,0.0,TRAIN
0.6301495305245376,0.78233284,0.0,TRAIN
1.5116588094376506,1.5017462,0.0,TRAIN
0.9510638879093596,0.8663586,0.0,TRAIN
0.6229900681892631,0.7396791,0.0,TRAIN
3.3113299523037933,3.9942288,0.0,TRAIN
0.7839841982743795,0.82777023,0.0,TRAIN
0.6946701965476993,0.7737213,0.0,TRAIN
0.658058370175874,0.8112195,0.0,TRAIN
1.2566045977672613,1.0391374,0.0,TRAIN
3.709269960975831,3.666469,0.0,TRAIN
1.287015575082196,0.8549844,0.0,TRAIN
0.7866188108734334,0.76265544,0.0,TRAIN
1.6092897929497545,1.48104,0.0,TRAIN
1.3150635749094497,1.1798091,0.0,TRAIN
1.087996160941152,0.86011136,0.0,TRAIN
1.228117911294735,1.1843014,0.0,TRAIN
0.9446715368888052,0.91366446,0.0,TRAIN
1.0307544687706076,0.9380882,0.0,TRAIN
0.9526381018357194,0.7876296,0.0,TRAIN
0.8692897127763551,0.6789112,0.0,TRAIN
0.8248010241245892,0.88494986,0.0,TRAIN
0.9748032713839356,0.7501059,0.0,TRAIN
0.9123357931437144,0.81746864,0.0,TRAIN
1.2177470732627935,1.297714,0.0,TEST1
2.3290587191963663,2.4503746,0.0,TRAIN
2.727281563851949,2.7442522,0.0,TRAIN
3.709269960975831,3.3239934,0.0,TRAIN
2.7785085474146007,2.7110362,0.0,TRAIN
2.694521702311905,2.7312407,0.0,TRAIN
3.1449985304241705,2.9821177,0.0,TRAIN
2.575467763987256,2.5452762,0.0,TRAIN
2.604813540756292,2.3246675,0.0,TRAIN
3.0988763882282138,3.0233204,0.0,TRAIN
2.5286958218213367,2.4889185,0.0,TRAIN
2.478350584156163,2.5004199,0.0,TRAIN
3.218034497123711,3.160624,0.0,TRAIN
2.3943155740252497,2.3878682,0.0,TRAIN
2.523417983611654,2.5905583,0.0,TRAIN
2.887978585975921,2.7468615,0.0,TRAIN
2.385116875850664,2.3780046,0.0,TRAIN
2.392599893246516,2.5469437,0.0,TRAIN
3.3343712563178274,3.1350636,0.0,TRAIN
2.3687475457967606,2.1668444,0.0,TRAIN
2.741185072917323,2.7600784,0.0,TRAIN
3.05605744728531,2.9290257,0.0,TRAIN
2.984637966300973,2.7195556,0.0,TRAIN
2.630088714962135,2.3531723,0.0,TRAIN
2.9689072714773457,2.9745178,0.0,TRAIN
2.2995988567606287,2.2744207,0.0,TRAIN
2.5030998038174817,2.4140072,0.0,TRAIN
2.3702012380467807,2.2608566,0.0,TRAIN
2.7108754876943792,2.476612,0.0,TRAIN
2.633591108774496,2.4761105,0.0,TRAIN
2.6943522997719,2.3955085,0.0,TRAIN
2.2995988567606287,2.3665624,0.0,TRAIN
2.7431282282261957,2.8023999,0.0,TEST1
0.9815145254429944,0.9747763,0.0,TRAIN
2.498862553450095,2.3259234,0.0,TRAIN
3.3113299523037933,3.342454,0.0,TRAIN
2.401146872858973,2.3646321,0.0,TRAIN
1.7855056453984408,1.7768114,0.0,TRAIN
2.9082343098208767,2.7728424,0.0,TRAIN
1.2474511350419524,1.3184597,0.0,TRAIN
1.280673800419742,1.2525615,0.0,TRAIN
2.9913819624444318,2.8108997,0.0,TRAIN
1.5933467186568535,1.680621,0.0,TRAIN
1.8075453743013496,1.8238583,0.0,TRAIN
2.8383646573359003,2.9842868,0.0,TRAIN
1.330276383463315,1.4463938,0.0,TRAIN
1.580355217528206,1.7646834,0.0,TRAIN
2.6283379486521325,2.5440168,0.0,TRAIN
1.53681900836896,1.5880126,0.0,TRAIN
1.3335232740160754,1.5360764,0.0,TRAIN
3.066465001835441,2.79374,0.0,TRAIN
1.2751832136985095,1.1137707,0.0,TRAIN
2.296430052885805,2.2221313,0.0,TRAIN
2.969434008357016,2.8989344,0.0,TRAIN
2.5446461213340767,2.4628296,0.0,TRAIN
1.8728814687929032,1.3380337,0.0,TRAIN
2.6799549823963686,2.7288656,0.0,TRAIN
1.384173720829773,1.427083,0.0,TRAIN
1.246252798817258,1.1315393,0.0,TRAIN
1.4120375559113283,1.2471511,0.0,TRAIN
1.3625424068356329,1.192139,0.0,TRAIN
1.360694907343578,1.3204632,0.0,TRAIN
2.2905482653834026,1.9902015,0.0,TRAIN
1.4416188404409491,1.3298526,0.0,TRAIN
2.4420982326406757,2.4494858,0.0,TEST1
3.4216039268698317,3.7328863,0.0,TRAIN
2.6213170921260804,2.8391252,0.0,TRAIN
2.9720520678557283,2.984508,0.0,TRAIN
2.653691683808109,2.6427362,0.0,TRAIN
2.666261178856685,2.6897516,0.0,TRAIN
2.653691683808109,2.6489916,0.0,TRAIN
2.2601151698206228,2.4970903,0.0,TRAIN
2.2601151698206228,2.213197,0.0,TRAIN
2.873864732304265,2.6847126,0.0,TRAIN
2.2522709992759604,2.3573835,0.0,TRAIN
2.3895611576163285,2.4966443,0.0,TRAIN
2.530457521735259,2.7649636,0.0,TRAIN
2.45555686322914,2.4900324,0.0,TRAIN
2.775963959878715,2.8840134,0.0,TRAIN
2.512022706393493,2.5304642,0.0,TRAIN
2.7755363858548385,2.4157078,0.0,TRAIN
2.5897109486677974,2.7559319,0.0,TRAIN
2.48202212273939,2.5282784,0.0,TRAIN
2.495840754185813,2.388914,0.0,TRAIN
2.9102270318215737,2.807096,0.0,TRAIN
2.3118349553304176,2.523994,0.0,TRAIN
2.2255181274067444,2.4538097,0.0,TRAIN
2.248025468365446,2.26178,0.0,TRAIN
2.3118349553304176,2.4810133,0.0,TRAIN
2.5941351278752074,2.7070868,0.0,TRAIN
2.5490554640294274,2.679879,0.0,TRAIN
2.233148233611717,2.2692463,0.0,TRAIN
2.51814599532562,2.6415393,0.0,TRAIN
2.355799116574243,2.4939327,0.0,TRAIN
2.1064591549925407,2.1534033,0.0,TRAIN
2.7297916280812835,2.7427545,0.0,TRAIN
2.2179082670821817,2.3203027,0.0,TEST1
1.5148444814529032,1.367112,0.0,TRAIN
2.474336030933628,2.5449204,0.0,TRAIN
1.5108609690053874,1.2839962,0.0,TRAIN
1.5331334267355727,1.3999089,0.0,TRAIN
1.989868385507637,1.712904,0.0,TRAIN
1.3277300687266198,1.32866,0.0,TRAIN
1.427533001928914,1.3097004,0.0,TRAIN
1.965612612879596,1.7330598,0.0,TRAIN
1.2015315351419296,1.203811,0.0,TRAIN
1.2815102455804483,1.2558619,0.0,TRAIN
1.7443291598329915,1.7925777,0.0,TRAIN
1.2858859662437885,1.220361,0.0,TRAIN
0.6537229451686326,0.8087401,0.0,TRAIN
1.2921489309878518,1.2338532,0.0,TRAIN
1.2739134723186225,1.2772741,0.0,TRAIN
1.2263562633976204,1.3464304,0.0,TRAIN
1.871960690102045,1.5708591,0.0,TRAIN
0.850464602635214,0.864953,0.0,TRAIN
1.1712235147949606,1.1167517,0.0,TRAIN
2.057380247507426,1.898405,0.0,TRAIN
1.903859235768654,1.5950234,0.0,TRAIN
1.9020320218462023,1.4542193,0.0,TRAIN
1.8506148235915283,1.5860932,0.0,TRAIN
1.433886504141621,1.375172,0.0,TRAIN
1.3754123588981984,1.2614607,0.0,TRAIN
1.3881801713039188,1.2284864,0.0,TRAIN
1.380796938939605,1.1786702,0.0,TRAIN
1.4302217442283545,1.3474772,0.0,TRAIN
1.485857624851429,1.2834785,0.0,TRAIN
1.510399246706866,1.378045,0.0,TRAIN
1.7214028733537714,1.619066,0.0,TEST1
3.709269960975831,4.051837,0.0,TRAIN
0.9915562456448116,1.1795363,0.0,TRAIN
2.2394891820746103,2.5114443,0.0,TRAIN
0.8985540390273906,1.05407,0.0,TRAIN
0.955891114540386,1.1026621,0.0,TRAIN
1.4540944848435775,1.4704375,0.0,TRAIN
0.5368069405421838,0.7637849,0.0,TRAIN
0.872064584846081,0.8453841,0.0,TRAIN
1.5668052393883394,1.5232246,0.0,TRAIN
0.5206134954699498,0.83368003,0.0,TRAIN
0.5876719794478007,0.79132766,0.0,TRAIN
1.5812009221432612,1.782041,0.0,TRAIN
0.6725059187836467,0.7385554,0.0,TRAIN
0.5089916825016751,0.76930743,0.0,TRAIN
3.740678425227455,4.396142,0.0,TRAIN
0.8734256268112959,1.0027521,0.0,TRAIN
0.5182343363835143,0.79364103,0.0,TRAIN
3.4082399653118496,3.7100673,0.0,TRAIN
0.5532451266708303,0.8201,0.0,TRAIN
1.3715448652764546,1.2151954,0.0,TRAIN
0.6736014278527503,0.6461524,0.0,TRAIN
0.9327720927665636,1.0142915,0.0,TRAIN
1.633697757868241,1.7494967,0.0,TRAIN
1.2298680254204153,1.308731,0.0,TRAIN
1.303974376272615,0.9836282,0.0,TRAIN
1.2389576379743945,1.285784,0.0,TRAIN
0.5614621836353287,0.79911906,0.0,TRAIN
0.599145450035822,0.80570716,0.0,TRAIN
0.9556350902857764,0.8956867,0.0,TRAIN
0.558379111216034,0.65804577,0.0,TRAIN
0.5858216293840759,0.83710486,0.0,TRAIN
0.9159956869487662,0.94150585,0.0,TRAIN
0.6284492951381558,0.7824064,0.0,TRAIN
1.1028544587058955,1.3328607,0.0,TEST1
2.4141403401457544,2.6065502,0.0,TRAIN
2.435451093361703,2.6231608,0.0,TRAIN
2.397697747416052,2.5329204,0.0,TRAIN
2.95827095664814,3.049685,0.0,TRAIN
2.0970258034104488,2.2638292,0.0,TRAIN
2.287979491020097,2.0643616,0.0,TRAIN
3.0585180456561325,3.108432,0.0,TRAIN
1.9381969371091043,2.153679,0.0,TRAIN
2.314406268058956,2.423099,0.0,TRAIN
3.1652019166679666,3.3532188,0.0,TRAIN
2.5749436926484166,2.5320563,0.0,TRAIN
2.200453031988061,2.336896,0.0,TRAIN
2.6246441696706047,2.652719,0.0,TRAIN
2.2142191119884456,2.3202038,0.0,TRAIN
2.164431967514264,2.431377,0.0,TRAIN
3.1426822877435594,3.1186442,0.0,TRAIN
2.5863391945082097,2.330917,0.0,TRAIN
2.5993424416228312,2.680407,0.0,TRAIN
2.573050214011414,2.7855468,0.0,TRAIN
2.1510706562326827,2.2083697,0.0,TRAIN
2.8424379800692083,3.009273,0.0,TRAIN
1.8521822524498643,2.05421,0.0,TRAIN
1.9204060157232512,2.3098426,0.0,TRAIN
2.431209567716288,2.4336576,0.0,TRAIN
1.872870043290321,1.9527494,0.0,TRAIN
1.8006027991330371,2.0237048,0.0,TRAIN
2.1545112532738027,2.2684216,0.0,TRAIN
1.7441329238616667,2.207481,0.0,TRAIN
2.84713858166483,2.861418,0.0,TEST1
3.573050214011414,3.9834604,0.0,TRAIN
1.8205645467740696,1.7316498,0.0,TRAIN
3.0421763746745856,3.13866,0.0,TRAIN
1.624195848354401,1.5169373,0.0,TRAIN
0.5151919165915563,0.42216837,0.0,TRAIN
2.136694367630788,1.9548314,0.0,TRAIN
0.533401618909383,0.35650778,0.0,TRAIN
0.5848493151229608,0.22306323,0.0,TRAIN
2.163656788745917,2.0180688,0.0,TRAIN
0.7759291121726216,0.85775346,0.0,TRAIN
1.2545749860991204,1.0971551,0.0,TRAIN
2.2252730437682056,2.3414702,0.0,TRAIN
0.5753737696747265,0.97606754,0.0,TRAIN
0.9868155898397892,1.2463248,0.0,TRAIN
1.0075680388849992,1.0095745,0.0,TRAIN
2.0103712611764526,1.9208736,0.0,TRAIN
1.0579648356784532,0.9119781,0.0,TRAIN
3.885361220031512,4.6531744,0.0,TRAIN
0.8476431001273326,0.8910279,0.0,TRAIN
2.3522569774040427,2.1582987,0.0,TRAIN
0.9004881774084937,0.47785008,0.0,TRAIN
1.7370077112103666,1.5081266,0.0,TRAIN
2.148108009150059,2.1593475,0.0,TRAIN
1.7576731257149902,1.6481932,0.0,TRAIN
0.6501706109610196,0.5050746,0.0,TRAIN
1.9630455898230348,1.9288205,0.0,TRAIN
0.7442320360623571,0.6610279,0.0,TRAIN
-0.2207616542628623,-0.429438,0.0,TRAIN
0.8391644082896069,0.6365783,0.0,TRAIN
0.7448721287431421,0.5711043,0.0,TRAIN
0.5083638146704311,0.41327798,0.0,TRAIN
1.551697944707808,1.3509889,0.0,TRAIN
1.1249387364997263,0.83353496,0.0,TRAIN
1.7133246983871142,2.1089754,0.0,TEST1
2.828453654346045,3.0683908,0.0,TEST1
-0.2024201980494644,0.38092756,0.0,TEST1
1.244920043912454,1.1058342,0.0,TEST1
1.4926067528741174,1.540797,0.0,TEST2
3.199964022950016,3.0141292,0.0,TEST2
1.022753674467964,0.91180027,0.0,TEST2
0.941795726223862,0.81396157,0.0,TEST2
0.5340911893503608,0.45241344,0.0,TEST2
1.9797705239665928,1.8660954,0.0,TEST2
2.103066625716537,1.9174066,0.0,TEST2
1.2022355800503588,1.0606467,0.0,TEST2
1.5341341714903955,1.350604,0.0,TEST2
1.5000916313088588,1.3924651,0.0,TEST2
1.0711147070056954,1.0744216,0.0,TEST2
1.6020599913279625,1.6185672,0.0,TEST1
0.9927302039541428,1.1085662,0.0,TEST1
1.3012253842217083,1.3528852,0.0,TEST2
3.584331224367531,2.7546263,0.0,TEST2
2.715421396014224,2.668997,0.0,TEST2
0.925932948625208,0.9697607,0.0,TEST2
0.7698882159172746,0.7980654,0.0,TEST2
0.7210224733453493,0.749734,0.0,TEST2
1.8403357894803336,1.8454568,0.0,TEST2
2.233847161622068,2.2666948,0.0,TEST2
0.831680149915901,0.9099737,0.0,TEST2
1.338488754310622,1.3792448,0.0,TEST2
1.3991829933301867,1.4014685,0.0,TEST2
1.1130433730746006,1.1986587,0.0,TEST2
2.9146038671328265,2.9633985,0.0,TEST1
0.9904385159779736,1.0209258,0.0,TEST1
2.585153794840684,2.445178,0.0,TEST1
2.619128020078996,2.560724,0.0,TEST2
2.4725757582433103,2.088785,0.0,TEST2
1.8403357894803336,1.6495228,0.0,TEST2
2.590260251342534,2.6397755,0.0,TEST2
2.7542103403442044,2.7873645,0.0,TEST2
2.822646495400781,2.5706146,0.0,TEST2
3.491214200317606,3.3228514,0.0,TEST2
3.182710732047363,2.843231,0.0,TEST2
2.7915361563978327,2.6621513,0.0,TEST2
0.9589685746470288,1.0325625,0.0,TEST1
2.3326040662322964,2.5065951,0.0,TEST1
3.001819784560039,2.9747944,0.0,TEST2
3.1072099696478683,3.5172446,0.0,TEST2
4.010299956639812,3.9108105,0.0,TEST2
2.47618628237055,2.4012804,0.0,TEST2
1.807461552147969,1.7882897,0.0,TEST2
1.5905719100955196,1.552875,0.0,TEST2
3.3479440633957225,3.1603916,0.0,TEST2
3.259071348962243,3.2361686,0.0,TEST2
2.039719445777308,2.0419066,0.0,TEST2
3.422717788677691,3.3090837,0.0,TEST2
3.550907468934868,3.2862186,0.0,TEST2
2.790700984105096,2.5564625,0.0,TEST2
2.7578278307736124,2.7136104,0.0,TEST1
2.81630030698894,2.1326451,0.0,TEST1
3.709269960975831,3.5347953,0.0,TEST1
3.513483956704257,3.2538962,0.0,TEST1
0.4559319556280096,0.67337215,0.0,TEST1
2.0685049694854034,2.1553135,0.0,TEST1
2.2926901488357947,2.5277138,0.0,TEST2
3.798211044337745,3.7925062,0.0,TEST2
2.2001282226344445,2.1157262,0.0,TEST2
1.7776032446763708,1.697405,0.0,TEST2
1.4018048018878402,1.3238559,0.0,TEST2
3.584331224367531,2.608602,0.0,TEST2
3.3066420712202915,3.2069974,0.0,TEST2
2.372619822529498,2.2831886,0.0,TEST2
2.7016243191529266,2.6823626,0.0,TEST2
2.6092452484113675,2.545202,0.0,TEST2
2.4088947629414843,2.4121828,0.0,TEST2
3.266133203484449,3.562651,0.0,TEST1
2.403069020752977,2.4040294,0.0,TEST1
2.658553210772513,2.6349638,0.0,TEST2
3.709269960975831,3.4838798,0.0,TEST2
2.356762250347384,2.2825465,0.0,TEST2
2.3597162585893225,2.0428321,0.0,TEST2
1.947002624686577,1.8863618,0.0,TEST2
3.505149978319906,3.1857142,0.0,TEST2
2.630088714962135,2.574725,0.0,TEST2
2.5548125194467013,2.4377906,0.0,TEST2
3.190184204653625,3.036983,0.0,TEST2
3.069718159227601,2.9053416,0.0,TEST2
2.5634602063633034,2.5307817,0.0,TEST2
1.0845294502434684,1.0895407,0.0,TEST1
4.0,3.880896,0.0,TEST1
4.0,3.7775917,0.0,TEST1
