acyl_chlorides,amines,y_true,pred_ridge,std_unweighted,std_weighted_ridge,lower90_ridge,upper90_ridge,lower95_ridge,upper95_ridge,pred_nnls,std_weighted_nnls,lower90_nnls,upper90_nnls,lower95_nnls,upper95_nnls
1,4,2.628538444878437,3.0538730369306064,0.09798030674099054,0.09659157566337562,2.133471455317975,3.974274618543238,1.895246276274424,4.212499797586789,2.510780459246819,0.10167556418388075,1.867898414485974,3.153662504007664,1.7208284416392772,3.3007324768543604
1,7,1.817767004871492,1.583363649585588,0.11283892725518344,0.11500987593954537,0.6629620679729566,2.5037652311982193,0.42473688892940564,2.7419904102417707,1.5610298531274007,0.08188611146167094,0.918147808366556,2.2039118978882453,0.771077835519859,2.3509818707349424
1,18,0.8126459728437819,0.3624966025818106,0.05216228655673312,0.05673826156402823,-0.5579049790308208,1.282898184194442,-0.7961301580743718,1.521123363237993,0.8435239071596776,0.05930125673315563,0.20064186239883286,1.4864059519205224,0.053571889552135876,1.6334759247672195
1,21,1.6464938424872213,1.6186049220176735,0.1493672519684552,0.1606996107929948,0.6982033404050421,2.539006503630305,0.45997816136149106,2.7772316826738557,1.5963029587313413,0.13375983928044058,0.9534209139704966,2.239185003492186,0.8063509411237996,2.386254976338883
1,28,1.586274097840673,0.9671682485878697,0.0753461095903827,0.07385742884130793,0.046766666975238236,1.887569830200501,-0.19145851206831277,2.125795009244052,1.2201331425308373,0.07480935112157104,0.5772510977699925,1.863015187291682,0.4301811249232955,2.010085160138379
1,37,1.3386945307066749,1.0765359607055662,0.06065866784538658,0.05048914066933383,0.15613437909293482,1.9969375423181976,-0.08209079995061619,2.235162721361749,1.2897624131338759,0.052525766563115514,0.6468803683730311,1.9326444578947206,0.4998103955263341,2.0797144307414177
1,42,0.5970051413473701,0.3901611058141392,0.10062462759138191,0.0908399896891056,-0.5302404757984922,1.3105626874267706,-0.7684656548420432,1.5487878664703216,0.8645521378672019,0.092486369978024,0.2216700931063571,1.5074341826280466,0.07460012025966012,1.6545041554747435
2,6,1.2339887782299857,0.7086172314033801,0.07963136596861778,0.08033545303787755,-0.21178435020925135,1.6290188130160115,-0.45000952925280235,1.8672439920595625,1.0544931263223132,0.07549445496392553,0.4116110815614684,1.697375171083158,0.26454110871477143,1.844445143929855
2,7,1.7055273278311804,1.3694144067612066,0.04036930576080911,0.03542896102435436,0.4490128251485752,2.289815988373838,0.2107876461050242,2.5280411674173893,1.4576035355928285,0.027057634889984902,0.8147214908319838,2.1004855803536735,0.6676515179852868,2.24755555320037
3,21,1.1665875050799814,0.5657442664022119,0.06378480879821584,0.04034710372258367,-0.35465731521041954,1.4861458480148433,-0.5928824942539705,1.7243710270583943,0.986278382475632,0.0407576225035911,0.3433963377147873,1.6291604272364768,0.1963263648680903,1.7762304000831737
3,22,2.047058858308353,2.0457097677297424,0.12192094566493626,0.1460403275292091,1.125308186117111,2.966111349342374,0.88708300707356,3.204336528385925,1.893445318663921,0.15738623375994795,1.2505632739030763,2.536327363424766,1.1034933010563792,2.683397336271463
3,27,0.7401793267991856,0.27278784161776315,0.11201158696820898,0.13070371718907683,-0.6476137399948683,1.1931894232303946,-0.8858389190384193,1.4314146022739456,0.7856263951265829,0.1346950092224021,0.14274435036573818,1.4285084398874277,-0.004325622480958802,1.5755784127341248
3,33,0.4761663061386466,-0.6374841363635273,0.10253667468328728,0.053926254547678756,-1.5578857179761587,0.2829174452491041,-1.7961108970197097,0.5211426242926551,0.22808245323260282,0.05477517642627772,-0.414799591528242,0.8709644979934476,-0.561869564374939,1.0180344708401445
3,37,1.1448950451451592,0.6793882413251582,0.06322447692643413,0.0650273110940791,-0.24101334028747323,1.5997898229377896,-0.47923851933102424,1.8380150019813406,1.0495652027168434,0.06836747131472432,0.40668315795599863,1.6924472474776882,0.25961318510930165,1.8395172203243852
4,3,2.509494237018178,2.8267058007913652,0.14728862156456876,0.16940312236463154,1.9063042191787338,3.7471073824039967,1.6680790401351828,3.9853325614475477,2.355615606217917,0.17878893529901327,1.7127335614570722,2.998497650978762,1.5656635886103754,3.1455676238254586
4,7,2.746594283961722,2.978661450502229,0.10929734116269856,0.13085554662403226,2.0582598688895977,3.8990630321148605,1.8200346898460467,4.1372882111584115,2.4700916822694934,0.13808414227756796,1.8272096375086486,3.1129737270303384,1.6801396646619517,3.260043699877035
4,9,1.9558139377153672,1.227549279800767,0.15776456700498245,0.20073754920930437,0.3071476981881356,2.147950861413398,0.06892251914458458,2.3861760404569496,1.3376091718048488,0.2148747965982249,0.6947271270440041,1.9804912165656936,0.5476571541973071,2.1275611894123907
4,14,1.977088178356645,2.8946157684892997,0.043658888613673605,0.04379805744711237,1.9742141868766683,3.815017350101931,1.7359890078331173,4.053242529145482,2.4249534140490594,0.035019693225484455,1.7820713692882146,3.0678354588099044,1.6350013964415178,3.214905431656601
4,18,1.943447898074553,1.641421085595381,0.24419363032880165,0.2826669084069236,0.7210195039827496,2.5618226672080127,0.4827943249391986,2.800047846251563,1.6309986750186376,0.29276486245805294,0.9881166302577928,2.2738807197794824,0.8410466574110959,2.4209506926261795
4,20,1.8146600728698188,1.5024988472583296,0.0774845893079011,0.088315450959235,0.5820972656456982,2.4229004288709612,0.3438720866021472,2.661125607914512,1.5480184695944643,0.09766640157094887,0.9051364248336196,2.190900514355309,0.7580664519869226,2.337970487202006
4,26,2.6938827177131124,3.289447192956894,0.16720773326778007,0.08073865394906429,2.3690456113442626,4.209848774569526,2.1308204323007116,4.4480739536130764,2.6296802451373997,0.0703177934612117,1.986798200376555,3.2725622898982447,1.839728227529858,3.4196322627449414
4,28,2.5265080260426718,2.6706275857937714,0.22287103917219372,0.2669896837904563,1.75022600418114,3.5910291674064028,1.512000825137589,3.8292543464499538,2.29945052075709,0.25404832636756924,1.6565684759962453,2.942332565517935,1.5094985031495485,3.0894025383646317
4,32,1.9612065655905784,1.520862602536338,0.09343110235319327,0.08757853558573242,0.6004610209237067,2.4412641841489693,0.3622358418801557,2.6794893631925207,1.5969036110618866,0.037961747197944415,0.9540215663010418,2.2397856558227316,0.8069515934543449,2.3868556286694282
4,35,2.415679611373922,1.8881083391285498,0.046961799411903905,0.05739786569684442,0.9677067575159184,2.808509920741181,0.7294815784723674,3.0467350997847324,1.8008959499652741,0.06393616800098634,1.1580139052044294,2.443777994726119,1.0109439323577325,2.5908479675728158
4,37,2.689977607578294,2.6497619219757906,0.20231734006438698,0.19479967795478775,1.7293603403631592,3.570163503588422,1.4911351613196082,3.808388682631973,2.2900295991585695,0.20549373766836096,1.6471475543977248,2.9329116439194145,1.5000775815510279,3.079981616766111
5,8,1.4404228695626946,1.5868110285184789,0.15532455644099533,0.19253626879827304,0.6664094469058475,2.50721261013111,0.42818426786229646,2.7454377891746615,1.6083878905340576,0.19617349013249583,0.9655058457732129,2.2512699352949026,0.8184358729265159,2.3983399081415993
5,14,2.01005807718128,2.580781321208378,0.23322258230018267,0.2639915155552884,1.6603797395957467,3.5011829028210095,1.4221545605521957,3.7394080818645605,2.2286011733977213,0.27033405336336164,1.5857191286368766,2.8714832181585663,1.4386491557901797,3.018553191005263
5,18,1.8498403404978052,1.9242681749644948,0.09912174761730148,0.11686003629907964,1.0038665933518633,2.844669756577126,0.7656414143083123,3.0828949356206774,1.8202509962299713,0.11528369252844434,1.1773689514691266,2.463133040990816,1.0302989786224295,2.610203013837513
5,20,1.8198094960806444,1.9292934123894179,0.1099413024000697,0.12581567935860194,1.0088918307767865,2.849694994002049,0.7706666517332355,3.0879201730456005,1.8102042164903471,0.12960003801397765,1.1673221717295024,2.453086261251192,1.0202521988828055,2.6001562340978888
5,21,2.5587771199465505,2.900771275435681,0.08684386352294614,0.0943507597604877,1.9803696938230497,3.8211728570483126,1.7421445147794987,4.059398036091864,2.4099793318369898,0.09484607825804942,1.767097287076145,3.0528613765978347,1.6200273142294481,3.1999313494445314
5,31,2.5383644107322194,2.1343540828583247,0.11491996582341976,0.07395334893602357,1.2139525012456933,3.054755664470956,0.9757273222021423,3.292980843514507,1.9569664247332723,0.07670639397464062,1.3140843799724276,2.599848469494117,1.1670144071257305,2.746918442340814
5,33,2.2670475092258333,1.4022386888223053,0.13235526512701754,0.16106042753765104,0.4818371072096739,2.3226402704349365,0.24361192816612287,2.560865449478488,1.4888654560664745,0.16140428321185246,0.8459834113056297,2.131747500827319,0.6989134384589327,2.278817473674016
5,35,2.3116211970917626,2.3035676511609156,0.07671048837840484,0.04493403251824539,1.3831660695482841,3.223969232773547,1.1449408905047331,3.462194411817098,2.049499416207291,0.047974620823314086,1.406617371446446,2.692381460968136,1.2595473985997492,2.8394514338148324
5,37,2.1018519162644163,2.587445565232014,0.08420192667482002,0.06479441432271692,1.6670439836193824,3.5078471468446453,1.4288188045758314,3.7460723258881963,2.2236572614062498,0.06436596479364265,1.580775216645405,2.8665393061670947,1.4337052437987081,3.0136092790137914
6,3,1.131993294689315,0.5704568066172078,0.06426622309279906,0.06647290740286915,-0.34994477499542365,1.4908583882298392,-0.5881699540389747,1.7290835672733902,0.9808797212986502,0.06866486663173711,0.33799767653780544,1.623761766059495,0.19092770369110845,1.770831738906192
6,5,1.125952259737334,0.7306894177784138,0.04873865332111496,0.05759924246460246,-0.18971216383421763,1.6510909993910452,-0.42793734287776863,1.8893161784345962,1.077934587275804,0.06076186735077547,0.4350525425149592,1.7208166320366487,0.2879825696682622,1.8678866048833456
6,11,0.5902151406641086,-0.1237600583238253,0.032957136683879056,0.0349165320626426,-1.0441616399364566,0.7966415232888061,-1.2823868189800076,1.0348667023323572,0.5489444149700297,0.037572718824628475,-0.0939376297908151,1.1918264597308745,-0.24100760263751209,1.3388964325775714
6,17,0.904741971807668,0.3811395909797517,0.08498019266733554,0.08810290857046724,-0.5392619906328797,1.301541172592383,-0.7774871696764307,1.5397663516359341,0.8617670911130555,0.09320863113627215,0.21888504635221073,1.5046491358739003,0.07181507350551375,1.6517191087205974
7,4,2.064079569638824,2.4860106644782363,0.10402030649296735,0.12209704054242895,1.5656090828656049,3.4064122460908677,1.3273839038220538,3.6446374251344187,2.1882160928288776,0.1301785016385206,1.5453340480680329,2.8310981375897226,1.398264075221336,2.9781681104364193
7,13,0.9403485690203964,1.5859888434099603,0.08314355560192342,0.055456975625929404,0.6655872617973289,2.506390425022592,0.42736208275377785,2.7446156040661425,1.6226422130584242,0.05647377593062999,0.9797601682975794,2.265524257819269,0.8326901954508824,2.412594230665966
7,18,0.6475074266539663,0.23627138497074784,0.11094496751702239,0.1350054610699671,-0.6841301966418836,1.1566729665833793,-0.9223553756854346,1.3948981456269303,0.7388256159324917,0.13718082144385946,0.09594357117164698,1.3817076606933365,-0.051126401675050004,1.5287776335400336
7,19,3.709269960975831,3.7497352106694164,0.27264148396055865,0.26084280674343585,2.829333629056785,4.670136792282047,2.591108450013234,4.908361971325599,2.963318789888614,0.2508094485156021,2.320436745127769,3.606200834649459,2.1733667722810726,3.753270807496156
7,22,3.72055097137682,3.2313837794200504,0.2023807160062116,0.15604297376375345,2.310982197807419,4.151785361032681,2.072757018763868,4.390010540076233,2.6146561688770866,0.17215577120371814,1.9717741241162419,3.2575382136379316,1.824704151269545,3.4046081864846283
7,29,1.2736204669884716,0.0778310802805815,0.056126421626827114,0.022987850779941726,-0.8425705013320499,0.9982326618932129,-1.080795680375601,1.236457840936764,0.6801258329772254,0.020654145458855303,0.037243788216380636,1.3230078777380703,-0.10982618463031635,1.4700778505847671
7,30,1.2436608497295136,0.11440042957805163,0.06748086589571652,0.06456875023672226,-0.8060011520345798,1.034802011190683,-1.0442263310781308,1.273027190234234,0.6911616327175281,0.06324846729360997,0.0482795879566833,1.3340436774783728,-0.09879038489001368,1.48111365032507
7,33,1.285814592317886,0.04473548662393978,0.050193051558076754,0.03659447941851275,-0.8756660949886916,0.9651370682365712,-1.1138912740322426,1.2033622472801222,0.6572317196424966,0.03846028151433406,0.014349674881651842,1.3001137644033414,-0.13272029796504514,1.4471837372500382
7,37,0.4758197283800496,1.0221250139789009,0.06678908470028241,0.04661977683428267,0.10172343236626946,1.9425265955915323,-0.13650174667728154,2.180751774635083,1.2578980136959612,0.04944451070229125,0.6150159689351165,1.900780058456806,0.46794599608841947,2.047850031303503
8,3,1.1943468339752097,0.6317934033468742,0.047441443805450685,0.04179354736059201,-0.28860817826575724,1.5521949849595056,-0.5268333573093082,1.7904201640030566,1.0147207134624812,0.04337637934052054,0.3718386687016364,1.657602758223326,0.22476869585493942,1.8046727310700228
8,4,2.299540952930785,2.570976841248794,0.0789990910605119,0.05790458716381556,1.6505752596361627,3.4913784228614255,1.4123500805926117,3.7296036019049765,2.2313143407235287,0.06102104378557595,1.588432295962684,2.8741963854843737,1.441362323115987,3.0212663583310704
8,7,1.8403640983673988,2.189189042890293,0.050916075876792394,0.04479730217241415,1.2687874612776615,3.1095906245029243,1.0305622822341105,3.3478158035464753,1.9615912909947244,0.03340768712246218,1.3187092462338796,2.604473335755569,1.1716392733871825,2.7515433086022663
8,9,1.0745306280071691,0.3304005582508096,0.06496238820494121,0.07857259169929737,-0.5900010233618218,1.250802139863441,-0.8282262024053728,1.489027318906992,0.8485566095282753,0.08080343983188314,0.2056745647674305,1.49143865428912,0.05860459192073353,1.638508627135817
8,24,1.021351807714389,0.47293025485685325,0.05924432671599848,0.05964623349748463,-0.44747132675577816,1.3933318364694847,-0.6856965057993292,1.6315570155130357,0.9019760084177137,0.06258349497782156,0.259093963656869,1.5448580531785585,0.112023990810172,1.6919280260252556
8,26,1.4191507825354612,0.9296658940729237,0.09016282664010274,0.1072554398010368,0.009264312460292246,1.850067475685555,-0.22896086658325876,2.088292654729106,1.223897120453713,0.1054601645353073,0.5810150756928683,1.8667791652145578,0.43394510284617127,2.013849138061255
8,32,0.0319545888329137,0.19993553141954634,0.11404137409039788,0.11080764457484825,-0.7204660501930851,1.1203371130321778,-0.9586912292366361,1.3585622920757288,0.7203528747526756,0.08016515320501374,0.07747082999183086,1.3632349195135203,-0.06959914285486613,1.5103048923602174
9,3,0.4139791278315436,0.31512454891591024,0.07894258424800102,0.05516460138447997,-0.6052770326967212,1.2355261305285417,-0.8435022117402722,1.4737513095720927,0.8095169295431115,0.04926999743660549,0.16663488478226673,1.4523989743039563,0.01956491193556975,1.5994689471506534
9,10,1.0478465098102745,1.0026738539187068,0.04223236298689875,0.0424878376498361,0.08227227230607537,1.9230754355313382,-0.15595290673747564,2.1613006145748894,1.2404728004076095,0.04016612400252103,0.5975907556467648,1.8833548451684543,0.4505207828000678,2.030424818015151
9,12,0.7124620432642064,-0.20675821999984245,0.07347843411916068,0.07133126495278702,-1.127159801612474,0.713643361612789,-1.365384980656025,0.95186854065634,0.49019956645152873,0.07647368044790458,-0.15268247830931603,1.1330816112123734,-0.299752451156013,1.2801515840590705
9,16,3.2321487063409915,2.6767685028232373,0.18600405977275805,0.14548847774259624,1.756366921210606,3.5971700844358687,1.5181417421670549,3.8353952634794197,2.2616813840563053,0.14193241022854808,1.6187993392954605,2.9045634288171502,1.4717293664487636,3.051633401663847
9,20,0.8535677392410589,-0.503224436403139,0.104524154795013,0.12548475219897978,-1.4236260180157703,0.41717714520949245,-1.6618511970593213,0.6554023242530435,0.3077745946104008,0.13375418534205957,-0.33510745015044396,0.9506566393712456,-0.48217742299714095,1.0977266122179425
9,25,0.9977231638446568,1.2478864283295301,0.11957224645553849,0.12213582291285763,0.3274848467168987,2.1682880099421613,0.0892596676733477,2.4065131889857128,1.4015403561041129,0.1258185252224844,0.7586583113432681,2.0444224008649576,0.6115883384965711,2.1914923737116547
9,26,0.4141821522879512,0.6957821281614043,0.01663402695693758,0.021369390392569992,-0.22461945345122714,1.6161837097740357,-0.46284463249477814,1.8544088888175867,1.0492474861923853,0.02267600025415312,0.4063654414315405,1.69212953095323,0.25929546858484354,1.839199503799927
9,32,0.5037887442479265,-0.4482776610309621,0.10414483063107269,0.03686060941957387,-1.3686792426435934,0.4721239205816693,-1.6069044216871444,0.7103490996252203,0.34325920123886583,0.03582969080325948,-0.29962284352197893,0.9861412459997105,-0.4466928163686759,1.1332112188464076
9,33,0.9179810523697648,-0.604683300085363,0.11927383192033227,0.031415837502946735,-1.5250848816979943,0.31571828152726844,-1.7633100607415453,0.5539434605708194,0.24759885740217913,0.032685241470813704,-0.39528318735866563,0.8904809021630239,-0.5423531602053626,1.0375508750097209
9,37,0.3372887661462162,0.7312782926927686,0.13214194685085986,0.13679598182883448,-0.18912328891986285,1.6516798743054,-0.42734846796341386,1.889905053348951,1.0872115336187116,0.13196356549442903,0.44432948885786683,1.7300935783795564,0.29725951601116984,1.8771635512262534
10,6,0.2098569672141804,0.5364094331241491,0.13420126838362886,0.16281256494209292,-0.3839921484884823,1.4568110147367805,-0.6222173275320333,1.6950361937803315,0.9725028205082764,0.1545638206535442,0.32962077574743165,1.6153848652691212,0.18255080290073467,1.762454838115818
10,8,-0.0338161000181882,-0.16719752880288896,0.07418422333882453,0.05438795755387116,-1.0875991104155203,0.7532040528097425,-1.3258242894590713,0.9914292318532935,0.5364224341114603,0.0431444179809981,-0.10645961064938447,1.179304478872305,-0.25352958349608146,1.3263744517190021
10,9,0.7936869182544245,-0.550220686320162,0.12431347019721217,0.11663179270371794,-1.4706222679327934,0.37018089529246945,-1.7088474469763444,0.6084060743360205,0.260893157506986,0.1286416639265071,-0.38198888725385877,0.9037752022678307,-0.5290588601005557,1.0508451751145278
10,10,2.076892406979559,2.0266027059271643,0.2179417567095637,0.21691213230569423,1.1062011243145329,2.9470042875397957,0.8679759452709819,3.1852294665833467,1.878004856403037,0.22453690011679264,1.2351228116421922,2.5208869011638817,1.088052838795495,2.667956874010579
10,17,1.87515581342602,0.7358472354221499,0.055969960633190485,0.059179025717478934,-0.1845543461904815,1.6562488170347813,-0.4227795252340325,1.8944739960783323,1.0686645092457592,0.059137209144686946,0.4257824644849144,1.711546554006604,0.27871249163821743,1.858616526853301
10,26,1.634697617392311,1.4522478230785814,0.054432343305554916,0.04946847934898764,0.5318462414659499,2.372649404691213,0.29362106242239894,2.6108745837347636,1.5297543276163927,0.04413501615811692,0.886872282855548,2.1726363723772373,0.739802310008851,2.3197063452239344
10,28,2.107897144593646,1.1281300719177618,0.12335788465468395,0.12692446163435375,0.2077284903051304,2.048531653530393,-0.030496688738420596,2.2867568325739445,1.29913808825282,0.13093979483727633,0.6562560434919753,1.9420201330136648,0.5091860706452783,2.089090105860362
11,8,2.355157938424429,2.7152749753109875,0.13389847742503,0.05877911717611356,1.794873393698356,3.635676556923619,1.556648214654805,3.87390173596717,2.3112630574829973,0.05656857712353857,1.6683810127221526,2.9541451022438423,1.5213110398754557,3.101215075090539
11,23,2.00880125804624,2.1713394268993778,0.12520886245390905,0.15236376341596342,1.2509378452867463,3.091741008512009,1.0127126662431953,3.32996618755556,1.9861422117441674,0.16411827078234448,1.3432601669833226,2.629024256505012,1.1961901941366255,2.7760942293517092
11,26,2.6461512732611605,3.342299294602582,0.09857352747623317,0.12017629775527176,2.4218977129899506,4.262700876215213,2.1836725339463996,4.500926055258764,2.7261623710551097,0.11829481359001237,2.0832803262942647,3.3690444158159547,1.936210353447568,3.5161143886626514
12,4,2.6258150518340497,3.453325768963704,0.11581540063397054,0.10652269906288633,2.5329241873510724,4.373727350576335,2.2946990083075214,4.611952529619886,2.7828596599846254,0.09493524143317497,2.1399776152237804,3.4257417047454704,1.9929076423770837,3.572811677592167
12,25,2.229965202886006,2.371268738079083,0.02141309236680933,0.022012591656355798,1.4508671564664515,3.2916703196917143,1.2126419774229005,3.5298954987352653,2.085226175384121,0.021047104722466646,1.4423441306232763,2.728108220144966,1.2952741577765794,2.8751781929916627
13,3,2.7329480604716214,3.604710800302982,0.13235685369342545,0.11464045333492401,2.6843092186903506,4.525112381915614,2.4460840396467995,4.763337560959164,2.865643261366724,0.10819722959297051,2.222761216605879,3.508525306127569,2.0756912437591826,3.655595278974266
13,7,3.0319775014575177,3.9161455182272435,0.10639003121332112,0.09720898626071536,2.995743936614612,4.8365470998398745,2.757518757571061,5.074772278883426,3.072785281831411,0.08550345456901332,2.429903237070566,3.715667326592256,2.2828332642238696,3.862737299438953
13,13,3.1393946528738583,3.52875819053651,0.090454319214053,0.09130483402704087,2.6083566089238786,4.449159772149141,2.3701314298803275,4.687384951192692,2.7968250188915675,0.08172223319592535,2.1539429741307226,3.4397070636524125,2.006873001284026,3.586777036499109
13,18,2.489522882514702,3.386536103830621,0.12116953298317028,0.13383042959798538,2.4661345222179896,4.306937685443252,2.2279093431744386,4.545162864486803,2.7564261153765885,0.13794579409799154,2.1135440706157436,3.3993081601374335,1.966474097769047,3.54637813298413
13,19,2.709269960975831,3.938788566807082,0.12226800093351342,0.1420869445920597,3.0183869851944505,4.859190148419714,2.7801618061508995,5.097415327463264,3.0584517834719183,0.14426763243486063,2.4155697387110733,3.7013338282327632,2.2684997658643766,3.84840380107946
13,21,3.584331224367531,3.4460859381883955,0.07442358732791181,0.08015905666017768,2.525684356575764,4.3664875198010265,2.287459177532213,4.604712698844578,2.7260497402694908,0.056106727857910765,2.083167695508646,3.3689317850303357,1.9360977226619491,3.5160017578770324
13,25,2.9311187105752223,3.905797228471376,0.10769153023461035,0.07333083443982377,2.9853956468587444,4.826198810084007,2.7471704678151934,5.064423989127558,3.0272656179964743,0.05695565418918297,2.3843835732356293,3.6701476627573193,2.2373136003889327,3.817217635604016
13,31,2.2191334097218745,2.760417502148657,0.12813856944541274,0.15768747538615277,1.8400159205360258,3.6808190837612886,1.6017907414924748,3.9190442628048396,2.3433031082019022,0.16345701146137134,1.7004210634410575,2.9861851529627472,1.5533510905943606,3.133255125809444
13,32,2.216413193068405,2.7840494134249534,0.05435299375222419,0.06896894634425904,1.863647831812322,3.704450995037585,1.625422652768771,3.942676174081136,2.345828467390504,0.07523018801379364,1.7029464226296593,2.988710512151349,1.5558764497829625,3.1357804849980457
14,3,2.9995510504984804,3.770861122594442,0.128385235942509,0.14980967723215105,2.8504595409818108,4.691262704207073,2.6122343619382598,4.929487883250625,3.013623686683263,0.1294776057193258,2.370741641922418,3.656505731444108,2.2236716690757214,3.8035757042908047
14,14,2.6589210464292243,2.4230955083611896,0.08997310773049008,0.059544900533441525,1.5026939267485582,3.343497089973821,1.2644687477050072,3.581722269017372,2.1499286304495238,0.014489552758927812,1.507046585688679,2.7928106752103687,1.3599766128419821,2.9398806480570654
14,17,3.1167055943194395,3.494735485911323,0.08362993558185035,0.09845664115477747,2.5743339042986917,4.415137067523954,2.3361087252551407,4.6533622465675055,2.7993707812337574,0.10325423241375442,2.1564887364729124,3.4422528259946024,2.0094187636262157,3.589322798841299
14,18,2.6603076103403294,3.3274417434576007,0.08865183889943597,0.06684474303057165,2.4070401618449693,4.247843325070232,2.1688149828014183,4.486068504113783,2.6688839434397194,0.0635752022559694,2.0260018986788744,3.3117659882005643,1.8789319258321777,3.458835961047261
14,20,3.885361220031512,3.214387475643507,0.18008783662200392,0.22166546356340844,2.2939858940308757,4.134789057256139,2.0557607149873247,4.3730142362996895,2.609003584514628,0.2269655783367424,1.9661215397537835,3.251885629275473,1.8190515669070866,3.39895560212217
14,21,3.1514136320961423,3.8098971294292,0.09439065605208259,0.10115940717115664,2.8894955478165687,4.730298711041831,2.6512703687730177,4.9685238900853825,2.9771985646502532,0.10852003441726839,2.3343165198894082,3.620080609411098,2.1872465470427116,3.767150582257795
14,23,2.2742830166092114,2.7594770718482255,0.13640949262715626,0.12343278018880496,1.8390754902355941,3.679878653460857,1.6008503111920431,3.918103832504408,2.347665475060314,0.12892154860430577,1.704783430299469,2.990547519821159,1.5577134574527722,3.1376174926678555
14,26,3.2321487063409915,3.764845986796316,0.13700409903714736,0.14286345636711428,2.8444444051836846,4.685247568408947,2.6062192261401336,4.923472747452498,2.947245592368276,0.13935951775332736,2.304363547607431,3.590127637129121,2.1572935747607342,3.7371976099758175
14,28,3.584331224367531,3.6864214976630683,0.0606175346618915,0.07461395415667285,2.766019916050437,4.606823079275699,2.527794737006886,4.845048258319251,2.910445093198102,0.08235056378824601,2.267563048437257,3.553327137958947,2.12049307559056,3.7003971108056435
15,12,0.9652270874078064,1.0563198141490455,0.06348970038259491,0.05055986897945943,0.1359182325364141,1.976721395761677,-0.1023069465071369,2.2149465748052277,1.2989255831986084,0.036569144761205895,0.6560435384377636,1.9418076279594532,0.5089735655910667,2.0888776008061503
15,15,0.663625798099341,0.717776471874132,0.0701627629381119,0.0799797019119125,-0.20262510973849945,1.6381780534867634,-0.44085028878205046,1.8764032325303144,1.0655923018967242,0.08538007160315379,0.4227102571358794,1.708474346657569,0.2756402842891824,1.8555443195042658
15,18,0.8933844853587353,0.8988159355645597,0.07539322936282178,0.09509022100128796,-0.02158564604807167,1.8192175171771912,-0.2598108250916227,2.0574426962207424,1.1945666922495652,0.0979391277321485,0.5516846474887205,1.83744873701041,0.4046146746420235,1.9845187098571069
15,36,0.755678304987546,0.833953365442339,0.08267575008010516,0.08436756504552018,-0.08644821617029241,1.7543549470549704,-0.3246733952138434,1.9925801260985214,1.1565975593662197,0.08402741840607596,0.5137155146053749,1.7994796041270644,0.3666455417586779,1.9465495769737613
16,4,2.269712883557757,2.1519357081777644,0.1400798483375113,0.04101579405413207,1.231534126565133,3.0723372897903958,0.9933089475215819,3.310562468833947,1.9562090116946202,0.041610389385612706,1.3133269669337755,2.599091056455465,1.1662569940870786,2.746161029302162
16,10,1.6348879324268837,1.397753477307835,0.0642775522984206,0.06474950693347795,0.47735189569520364,2.3181550589204667,0.23912671665165264,2.5563802379640173,1.494863721421152,0.06357590951694456,0.8519816766603072,2.1377457661819967,0.7049117038136102,2.284815739028694
16,12,0.6502613552718077,0.03039448004756018,0.08120863176374868,0.09323087369223242,-0.8900071015650712,0.9507960616601916,-1.1282322806086222,1.1890212407037426,0.6203626340597939,0.09249523677293602,-0.0225194107010509,1.2632446788206386,-0.16958938354774789,1.4103146516673357
16,16,3.419520975712839,2.9715061162581495,0.3014702656148639,0.38284813137112106,2.051104534645518,3.891907697870781,1.8128793556019671,4.130132876914332,2.4822967720038207,0.4010648195068254,1.839414727242976,3.1251788167646657,1.692344754396279,3.2722487896113623
16,28,1.252605541210554,0.9437813373409321,0.1265276605095688,0.15266926324237726,0.023379755728300644,1.8641829189535635,-0.21484542331525036,2.1024080979971145,1.2130000319688705,0.1635916799270275,0.5701179872080258,1.8558820767297153,0.4230480143613288,2.0029520495764124
17,6,1.731448505387122,1.9012391961416812,0.055285549631180375,0.04002166638046916,0.9808376145290498,2.821640777754313,0.7426124354854988,3.0598659567978634,1.7930244737595573,0.03379668165996819,1.1501424289987126,2.435906518520402,1.0030724561520157,2.582976491367099
17,8,1.2115855788989762,1.1495289829681956,0.06849885597540994,0.06500203026539289,0.2291274013555642,2.069930564580827,-0.009097777687986808,2.3081557436243783,1.3202009236421455,0.06570542105139378,0.6773188788813007,1.9630829684029902,0.5302489060346037,2.1101529412496873
17,10,2.310458272502587,3.0184075868007936,0.03600139797308261,0.03622754312153664,2.098006005188162,3.938809168413425,1.8597808261446112,4.177034347456976,2.4793371190215217,0.012319621640904777,1.836455074260677,3.1222191637823666,1.68938510141398,3.2692891366290633
17,12,1.3048988672582988,1.4990193416874027,0.060468416626690884,0.07521647679256456,0.5786177600747713,2.4194209233000343,0.3403925810312203,2.657646102343585,1.5525363217493067,0.07866134351317267,0.9096542769884619,2.195418366510151,0.7625843041417649,2.3424883393568483
17,25,2.207503074027805,3.40979166557545,0.13896041816070082,0.16901949215508663,2.4893900839628187,4.330193247188081,2.2511649049192677,4.5684184262316325,2.7381487170632184,0.17270040853660232,2.0952666723023734,3.3810307618240634,1.9481966994556768,3.52810073467076
17,31,1.8334632332387368,1.7602353713856906,0.14531327475145706,0.17919279240897776,0.8398337897730592,2.680636952998322,0.6016086107295082,2.9188621320418733,1.7239207741684046,0.1845528407616077,1.0810387294075599,2.3668028189292496,0.9339687565608629,2.5138727917759462
18,12,-0.1581060393197203,-0.03342708937460892,0.06299143493899069,0.05735007575193593,-0.9538286709872403,0.8869744922380225,-1.1920538500307913,1.1251996712815735,0.591543225781924,0.06249122957087928,-0.051338818978920786,1.2344252705427687,-0.19840879182561777,1.3814952433894656
18,16,2.635743393971506,3.7055135245620283,0.21171755531550943,0.09732574286867435,2.785111942949397,4.625915106174659,2.546886763905846,4.864140285218211,2.879013458045838,0.07825545660522272,2.236131413284993,3.521895502806683,2.0890614404382966,3.66896547565338
18,17,0.4604059250321966,0.23634668869702158,0.07163709652136485,0.057737835950619605,-0.6840548929156098,1.156748270309653,-0.9222800719591608,1.394973449353204,0.7577117821720828,0.06170214102773606,0.11482973741123803,1.4005938269329277,-0.03224023543545895,1.5476637997796245
18,18,-0.2129872736497993,-0.24264654400180674,0.07148203579736874,0.060450144058390144,-1.1630481256144383,0.6777550376108247,-1.4012733046579893,0.9159802166543757,0.4544119655701372,0.031447932588154245,-0.18847007919070757,1.097294010330982,-0.33554005203740456,1.244363983177679
18,31,-0.1651710479715766,0.18509778576948288,0.04641552791150068,0.057231794324561894,-0.7353037958431485,1.1054993673821143,-0.9735289748866995,1.3437245464256653,0.7426688996123574,0.06177404012425385,0.09978685485151262,1.3855509443732021,-0.047283117995184365,1.5326209172198992
18,36,-0.518621997318092,-0.0539649043500019,0.07709343112930794,0.052377027712973465,-0.9743664859626333,0.8664366772626295,-1.2125916650061843,1.1046618563061805,0.6072149477967994,0.030009776394351886,-0.03566709696404535,1.2500969925576442,-0.18273706981074234,1.3971669654043413
19,4,3.411517675006757,4.166550672153343,0.05179658058288232,0.05522098849363541,3.2461490905407113,5.086952253765974,3.0079239114971603,5.325177432809525,3.187713921269892,0.051258286178155615,2.544831876509047,3.830595966030737,2.3977619036623503,3.9776659388774336
19,5,1.8911907637043,2.4030259040390627,0.04720126752987475,0.06087614200067437,1.4826243224264313,3.323427485651694,1.2443991433828803,3.561652664695245,2.115485491110128,0.06568138065350244,1.4726034463492834,2.758367535870973,1.3255334735025865,2.90543750871767
19,6,1.7540476375392515,1.8715115807831177,0.022463662584648,0.0279228222160122,0.9511099991704863,2.7919131623957494,0.7128848201269353,3.0301383414393,1.7874301054745558,0.030256573645056177,1.144548060713711,2.430312150235401,0.9974780878670141,2.5773821230820975
19,15,1.8389579559139224,1.5383343890863463,0.18330314190452224,0.18826422768552387,0.6179328074737149,2.458735970698978,0.3797076284301639,2.6969611497425285,1.6037907053213516,0.19579334321570857,0.9609086605605068,2.2466727500821966,0.8138386877138098,2.3937427229288932
19,25,2.6797335597756007,3.146643406268999,0.09830458739234088,0.1092570036569794,2.2262418246563676,4.06704498788163,1.9880166456128165,4.305270166925181,2.550275202908164,0.10770235222121885,1.9073931581473194,3.193157247669009,1.7603231853006225,3.3402272205157058
19,29,1.285837440293592,1.522492472095322,0.05590591341556963,0.055677776592921224,0.6020908904826905,2.4428940537079535,0.3638657114391395,2.681119232751504,1.587299940719261,0.046785061123679535,0.9444178959584162,2.2301819854801055,0.7973479231117192,2.3772519583268026
19,33,1.6045430721448617,1.2853203083232085,0.07359433036518512,0.07065908376926514,0.3649187267105771,2.20572188993584,0.12669354766702612,2.4439470689793907,1.4488290069360212,0.049196254907021716,0.8059469621751765,2.091711051696866,0.6588769893284795,2.238781024543563
19,35,1.9666896922353891,2.007633088362473,0.10920281040283385,0.12362887237318206,1.0872315067498417,2.9280346699751045,0.8490063277062907,3.1662598490186555,1.8648053070679815,0.12645506289182548,1.2219232623071368,2.5076873518288263,1.0748532894604397,2.6547573246755234
20,4,2.6623119320265687,3.7237871260548685,0.1263308304725483,0.15670635577848546,2.803385544442237,4.6441887076674995,2.565160365398686,4.882413886711051,2.9691520958279174,0.15751042666673448,2.3262700510670724,3.6120341405887624,2.1792000782203758,3.759104113435459
20,7,2.1716416389190734,2.4903070775832843,0.16513533468769942,0.20149822585877514,1.5699054959706529,3.4107086591959157,1.3316803169271019,3.6489338382394667,2.147973235304393,0.2079024206969213,1.5050911905435485,2.790855280065238,1.3580212176968516,2.937925252911935
20,10,2.134562334126135,2.7642862703993467,0.25363994892959796,0.2914926631996577,1.8438846887867153,3.684687852011978,1.6056595097431643,3.922913031055529,2.3249839765222937,0.2992222949073043,1.682101931761449,2.9678660212831387,1.535031958914752,3.1149359941298354
20,20,1.390468255750302,1.3142307481672846,0.17503274860491524,0.17949320307865577,0.39382916655465317,2.2346323297799158,0.15560398751110216,2.472857508823467,1.4810032167645957,0.1278088209815909,0.8381211720037509,2.1238852615254404,0.6910511991570539,2.2709552343721375
20,30,1.1168984128278725,1.4239310127695368,0.10627159973670393,0.12248532567846482,0.5035294311569054,2.344332594382168,0.2653042521133544,2.5825577734257195,1.5376200449665374,0.1178696798756973,0.8947380002056926,2.180502089727382,0.7476680273589956,2.3275720625740792
20,31,1.7973242745473548,1.0265799849716764,0.1231896019254469,0.14539608876513244,0.10617840335904494,1.9469815665843078,-0.13204677568450607,2.185206745627859,1.2407588887084553,0.1567416357789552,0.5978768439476105,1.8836409334693,0.45080687110091355,2.030710906315997
20,32,1.029998764930923,1.5155929034887283,0.19958644132545478,0.22742788180460596,0.5951913218760969,2.43599448510136,0.3569661428325459,2.6742196641449105,1.5843292996603398,0.22508075883899525,0.941447254899495,2.2272113444211845,0.794377282052798,2.3742813172678816
21,36,1.3647073029176289,2.157785855949447,0.2034776306470469,0.227299120273969,1.2373842743368155,3.0781874375620784,0.9991590952932645,3.3164126166056294,1.9842082187468926,0.20914315002176595,1.3413261739860478,2.6270902635077373,1.1942562011393507,2.7741602363544344
22,4,2.1813791683453023,2.617142269994855,0.15875503884200007,0.2006312316320703,1.6967406883822238,3.5375438516074866,1.4585155093386728,3.7757690306510376,2.251505054339453,0.20629421537220682,1.608623009578608,2.894387099100298,1.4615530367319112,3.0414570719469944
22,7,1.663367669952938,1.949465922170538,0.1435264494840184,0.15690485601980533,1.0290643405579065,2.869867503783169,0.7908391615143555,3.1080926828267206,1.8651382104712282,0.12519133170008342,1.2222561657103834,2.508020255232073,1.0751861928636863,2.65509022807877
22,9,0.6471813512110501,0.04291524425361759,0.09504098001566454,0.09109421324657278,-0.8774863373590138,0.963316825866249,-1.1157115164025648,1.2015420049098,0.6817001062357867,0.0763454734692789,0.038818061474941934,1.3245821509966316,-0.10825191137175505,1.4716521238433284
22,11,0.4750752750792898,0.5674100015552888,0.10232611741677747,0.11912607820016502,-0.35299158005734266,1.4878115831679202,-0.5912167591008937,1.7260367622114712,0.9763750887765444,0.12148455051027102,0.3334930440156997,1.6192571335373893,0.1864230711690027,1.7663271063840862
22,18,0.4908100347865815,0.6694973213847073,0.09519766254368311,0.0939117000760171,-0.2509042602279241,1.5898989029973387,-0.4891294392714751,1.8281240820408897,1.0194724882637538,0.08839116208342988,0.37659044350290904,1.6623545330245986,0.22952047065621206,1.8094245058712954
23,6,1.2687023429386317,1.1196353532345584,0.051751825093099356,0.03988744081822978,0.199233771621927,2.0400369348471896,-0.03899140742162399,2.278262113890741,1.306213192616177,0.04239025515305706,0.6633311478553323,1.9490952373770218,0.5162611750086353,2.096165210223719
23,9,1.2888975940771148,0.38852270390405397,0.11729378355693117,0.14628123655327674,-0.5318788777085774,1.3089242855166854,-0.7701040567521285,1.5471494645602364,0.866158018339807,0.1491796165584294,0.22327597357896223,1.5090400631006518,0.07620600073226524,1.6561100359473486
23,10,1.6870968198241831,1.5333510893881084,0.11862045571642102,0.13120828302446175,0.612949507775477,2.45375267100074,0.37472432873192596,2.6919778500442906,1.5809487467490484,0.12748800107205285,0.9380667019882036,2.223830791509893,0.7909967291415066,2.3709007643565903
23,14,0.91713166081777,1.0414769957413872,0.05934833705559664,0.05628716786342959,0.12107541412875578,1.9618785773540186,-0.11714976491479523,2.20010375639757,1.2459935928633723,0.028587822936983517,0.6031115481025275,1.888875637624217,0.45604157525583056,2.035945610470914
23,22,3.266133203484449,2.331038988602197,0.13077006150205522,0.06478254357222422,1.4106374069895655,3.2514405702148284,1.1724122279460145,3.4896657492583794,2.0432719629496985,0.027765502566521785,1.4003899181888537,2.6861540077105435,1.2533199453421568,2.83322398055724
23,23,0.7864463980343775,0.5939444443916067,0.11634156342374388,0.1361767610558199,-0.32645713722102476,1.514346026004238,-0.5646823162645758,1.752571205047789,1.0084010170372832,0.14871911248473205,0.3655189722764385,1.651283061798128,0.2184489994297415,1.7983530346448249
23,26,1.4667733230068674,1.0764374761410058,0.1295775518817769,0.15629361957768811,0.1560358945283744,1.9968390577536372,-0.0821892845151766,2.2350642367971885,1.2887064241265036,0.15900108609459418,0.6458243793656588,1.9315884688873484,0.49875440651896186,2.0786584417340452
23,30,0.0566229050027351,0.025267513986973356,0.04067565254353728,0.03931775172860421,-0.8951340676256581,0.9456690955996048,-1.133359246669209,1.1838942746431558,0.6413622058871427,0.040991209092175476,-0.0015198388737021062,1.2842442506479874,-0.1485898117203991,1.4313142234946845
23,32,0.053042902904674,0.20971815760922596,0.082371340467295,0.06318577460371484,-0.7106834240034055,1.1301197392218574,-0.9489086030469565,1.3683449182654084,0.7314998518384703,0.04540057059787071,0.08861780707762557,1.374381896599315,-0.05845216576907142,1.521451869446012
24,3,1.0984902847939049,0.5667685172160652,0.06730700065868679,0.07801493342928466,-0.35363306439656617,1.4871700988286967,-0.5918582434401172,1.7253952778722477,0.9787393323397886,0.0803217134864811,0.33585728757894384,1.6216213771006334,0.18878731473224686,1.7686913499473302
24,5,1.0244355875383513,0.539213782402105,0.04943821834798836,0.045809714434721226,-0.38118779921052637,1.4596153640147365,-0.6194129782540774,1.6978405430582875,0.9600375092908044,0.04607475063897927,0.3171554645299597,1.6029195540516492,0.1700854916832627,1.749989526898346
24,9,1.0411797007258066,-0.007634914702505435,0.12602189849495649,0.15503352570776613,-0.9280364963151368,0.912766666910126,-1.1662616753586879,1.150991845953677,0.626482929293486,0.1612186715838394,-0.016399115467358727,1.269364974054331,-0.1634690883140557,1.4164349469010278
24,25,1.6092897929497545,1.7105405172832178,0.04585041753504916,0.03118436580945017,0.7901389356705864,2.630942098895849,0.5519137566270353,2.8691672779394004,1.6766923277868877,0.03259930095758975,1.033810283026043,2.3195743725477325,0.886740310179346,2.4666443453944296
24,27,1.087996160941152,0.41674869312103646,0.07867845912569352,0.0726982490220295,-0.503652888491595,1.3371502747336679,-0.741878067535146,1.5753754537772189,0.892777915328137,0.08113458359505811,0.24989587056729223,1.5356599600889818,0.10282589772059525,1.6827299329356786
24,29,0.9446715368888052,-0.4545091125113798,0.06211418029918478,0.0324668665419598,-1.3749106941240112,0.4658924691012516,-1.6131358731675622,0.7041176481448026,0.3561631533668736,0.01330596617122314,-0.28671889139397116,0.9990451981277184,-0.43378886424066815,1.1461151709744153
24,30,1.0307544687706076,0.05264251867936576,0.06899512779842742,0.08252156781308274,-0.8677590629332657,0.9730441002919972,-1.1059842419768167,1.2112692793355482,0.6632173300849631,0.08583626815855498,0.020335285324118324,1.3060993748458078,-0.12673468752257866,1.453169347692505
25,4,3.709269960975831,4.2995402557647795,0.07384489574336386,0.07419726310038602,3.379138674152148,5.2199418373774105,3.140913495108597,5.458167016420962,3.2613564708607035,0.03454472817424298,2.6184744260998585,3.9042385156215484,2.471404453253162,4.051308488468245
25,6,2.623194809080951,3.0540066933678522,0.15898589937496152,0.18445051876801757,2.133605111755221,3.9744082749804837,1.8953799327116698,4.212633454024035,2.507034372944177,0.19182782012122898,1.864152328183332,3.149916417705022,1.7170823553366352,3.2969863905517185
25,10,3.0988763882282138,3.9485053912385295,0.0907926145960755,0.09146029096751018,3.028103809625898,4.8689069728511605,2.789878630582347,5.107132151894712,3.0411765828314588,0.09187897487748367,2.3982945380706138,3.6840586275923037,2.251224565223917,3.8311286004390004
25,13,3.218034497123711,4.0251975444459225,0.09059253528665315,0.09527413462241181,3.104795962833291,4.9455991260585535,2.86657078378974,5.183824305102105,3.1363548170700017,0.08586532108849455,2.4934727723091568,3.7792368618308467,2.34640279946246,3.9263068346775434
25,15,2.2082653285745426,2.8774111706275685,0.07586866868190292,0.09748154715698634,1.957009589014937,3.7978127522402,1.718784409971386,4.036037931283751,2.3791167290636173,0.0997521340047021,1.7362346843027725,3.0219987738244622,1.5891647114560756,3.169068746671159
25,30,2.107956779532581,2.772873454410006,0.1507398905112124,0.1609382864118555,1.8524718727973748,3.6932750360226376,1.6142466937538238,3.9315002150661886,2.335943387383253,0.16522419425796678,1.6930613426224081,2.978825432144098,1.5459913697757113,3.1258954049907945
25,33,2.4566884608861232,2.8784300466559474,0.11691636335806607,0.14549810871684618,1.958028465043316,3.798831628268579,1.719803285999765,4.03705680731213,2.39706100547805,0.14979831385860878,1.7541789607172051,3.039943050238895,1.6071089878705083,3.1870130230855915
26,8,1.2474511350419524,1.3604719775751313,0.10358227237587585,0.09193939380654363,0.44007039596249986,2.2808735591877625,0.20184521691894886,2.519098738231314,1.4836164587032747,0.08875227677712776,0.84073441394243,2.1264985034641195,0.693664441095733,2.2735684763108166
26,17,2.6283379486521325,2.5503099103825226,0.20945465002629912,0.2560013240062372,1.6299083287698912,3.470711491995154,1.3916831497263402,3.708936671038705,2.193586418971452,0.26649092194242563,1.5507043742106073,2.836468463732297,1.4036344013639104,2.9835384365789936
26,27,1.8728814687929032,1.8898136434581911,0.2142150923208484,0.24197434116388913,0.9694120618455597,2.8102152250708228,0.7311868828020087,3.0484404041143733,1.8060897913843623,0.2375548974764226,1.1632077466235176,2.448971836145207,1.0161377737768205,2.596041808991904
26,31,1.4120375559113283,0.9710234065716972,0.16171623585104294,0.16979815352354094,0.05062182495906575,1.8914249881843286,-0.18760335408448525,2.1296501672278794,1.1942160428842648,0.16956399039121964,0.55133399812342,1.8370980876451095,0.404264025276723,1.9841680604918066
27,4,2.9720520678557283,3.5406561343103116,0.13359158185336098,0.11388367935797918,2.62025455269768,4.4610577159229425,2.382029373654129,4.699282894966494,2.812560701611143,0.1194716771362777,2.169678656850298,3.455442746371988,2.0226086840036013,3.6025127192186845
27,17,2.1491093744452883,2.817877606454415,0.08181473704533933,0.08604799199987893,1.8974760248417835,3.7382791880670463,1.6592508457982325,3.9765043671105973,2.3616136346231498,0.09535117064497103,1.718731589862305,3.0044956793839948,1.5716616170156081,3.1515656522306914
27,21,2.0066015547856866,3.2292026481809453,0.10882217438606662,0.1173428344629302,2.308801066568314,4.149604229793576,2.070575887524763,4.387829408837128,2.663285592447095,0.09910811918137216,2.02040354768625,3.30616763720794,1.8733335748395534,3.4532376100546367
27,24,2.9102270318215737,2.9412599209209045,0.05930311683273525,0.03185294601241262,2.020858339308273,3.861661502533536,1.782633160264722,4.099886681577087,2.4478725839447266,0.032817257562825726,1.8049905391838819,3.0907546287055716,1.657920566337185,3.2378246015522683
28,6,1.5331334267355727,1.3970580925698923,0.03441584926698031,0.03158241535856225,0.4766565109572609,2.3174596741825235,0.2384313319137099,2.555684853226075,1.496677074294853,0.03288272175356338,0.8537950295340082,2.139559119055698,0.7067250566873112,2.2866290919023946
28,10,1.965612612879596,2.462292170596915,0.1346593335758536,0.1496797466208572,1.5418905889842835,3.3826937522095464,1.3036654099407325,3.6209189312530974,2.1214801847933407,0.12373483067279213,1.478598140032496,2.7643622295541856,1.331528167185799,2.9114322024008823
28,13,1.7443291598329915,2.206541720768538,0.037277180663948424,0.019537283541333494,1.2861401391559064,3.1269433023811692,1.0479149601123554,3.3651684814247202,1.9866009564084146,0.017688161971195517,1.3437189116475698,2.6294830011692594,1.1966489388008728,2.7765529740159565
28,18,1.2739134723186225,0.821162469855903,0.04119973212823106,0.05262687427844939,-0.0992391117567284,1.7415640514685344,-0.3374642908002794,1.9797892305120854,1.123993197042383,0.05862810631688791,0.48111115228153833,1.7668752418032279,0.33404117943484135,1.913945214649925
28,28,1.8506148235915283,1.8086182016785972,0.07381051643720606,0.07222245973691178,0.8882166200659658,2.7290197832912284,0.6499914410224148,2.96724496233478,1.7731769237417414,0.036237951446650464,1.1302948789808966,2.416058968502586,0.9832249061341997,2.5631289413492833
28,30,1.3754123588981984,0.8441234653916212,0.038952261253211266,0.04841584585395767,-0.07627811622101022,1.7645250470042526,-0.3145032952645612,2.0027502260478034,1.1500968013887316,0.05382325322518084,0.5072147566278868,1.7929788461495764,0.36014478378118986,1.9400488189962735
28,31,1.3881801713039188,1.190151116437525,0.07598540003155663,0.08860762131682283,0.2697495348248935,2.1105526980501566,0.031524355781342495,2.348777877093707,1.383043721270675,0.08689578360422567,0.7401616765098302,2.02592576603152,0.5930917036631332,2.1729957388782166
29,4,2.2394891820746103,2.7967561757606116,0.08571758262506068,0.06398824860444083,1.8763545941479802,3.717157757373243,1.6381294151044292,3.955382936416794,2.3794685913173588,0.021733906987322128,1.736586546556514,3.0223506360782038,1.5895165737098171,3.1694206089249004
29,7,1.4540944848435775,1.8186453033917924,0.08761101568275816,0.030785157201248334,0.898243721779161,2.7390468850044236,0.66001854273561,2.977272064047975,1.7517543821787285,0.031689983838967636,1.1088723374178837,2.3946364269395732,0.9618023645711867,2.5417063997862703
29,8,0.4057927573817125,0.27442101357399573,0.08225287547180292,0.07475180317152749,-0.6459805680386357,1.1948225951866271,-0.8842057470821867,1.4330477742301782,0.7858293676376163,0.06927726921994075,0.1429473228767716,1.428711412398461,-0.004122649969925396,1.575781385245158
29,9,0.872064584846081,0.3800330896570938,0.09714326354447375,0.10882495905850734,-0.5403684919555376,1.3004346712697252,-0.7785936709990886,1.5386598503132762,0.8504169172026134,0.10388186242647256,0.2075348724417686,1.493298961963458,0.06046489959507162,1.640368934810155
29,10,1.5668052393883394,3.200519154011137,0.14969338700294063,0.16947694644474928,2.2801175723985057,4.120920735623768,2.0418923933549546,4.3591459146673195,2.611010631469525,0.17143042633700337,1.9681285867086802,3.25389267623037,1.8210586138619833,3.4009626490770666
29,13,1.5812009221432612,1.3548128046675114,0.07980161404085902,0.09491507016940946,0.43441122305488,2.275214386280143,0.196186044011329,2.5134395653236936,1.4666280379559231,0.09973406945268702,0.8237459931950784,2.109510082716768,0.6766760203483814,2.256580055563465
29,16,3.740678425227455,3.299298408624569,0.18670236539438234,0.13799791627732905,2.3788968270119377,4.219699990237201,2.1406716479683867,4.4579251692807516,2.6331820235151033,0.09650661044812713,1.9902999787542586,3.2760640682759483,1.8432300059075617,3.423134041122645
29,32,0.3912405888342954,0.20610944873795534,0.08996836329367647,0.10423278204691001,-0.7142921328746761,1.1265110303505868,-0.9525173119182271,1.3647362093941378,0.7519684334344487,0.11275391908608186,0.10908638867360398,1.3948504781952935,-0.037983584173093,1.5419204510419906
30,18,2.2142191119884456,2.021325589352018,0.15360599375477157,0.1341588958855875,1.1009240077393865,2.9417271709646493,0.8626988286958355,3.1799523500082003,1.8977379411936146,0.12346535031802304,1.2548558964327698,2.5406199859544594,1.1077859235860728,2.6876899588011565
30,37,2.8471385816648294,3.3489660168690127,0.08428415260544264,0.09632459118438395,2.4285644352563813,4.269367598481644,2.1903392562128303,4.507592777525195,2.7148090357387726,0.10697363657949145,2.0719269909779277,3.3576910804996176,1.924857018131231,3.5047610533463143
31,8,0.1780094732179412,-0.03444235369581938,0.10832238378992137,0.07080571626295926,-0.9548439353084508,0.885959227916812,-1.1930691143520018,1.124184406960363,0.593524148381208,0.07744396216814475,-0.04935789637963672,1.2364061931420527,-0.1964278692263337,1.3834761659887498
31,15,0.9868155898397892,0.995441160995514,0.1073881535468347,0.1057440890410312,0.07503957938288264,1.9158427426081455,-0.16318559966066837,2.1540679216516967,1.2218242549434346,0.09048512682868162,0.5789422101825898,1.8647062997042794,0.43187223733589286,2.0117762725509762
31,17,2.0103712611764526,1.2380906153711961,0.14273250116961853,0.17555962322200577,0.3176890337585647,2.1584921969838273,0.07946385471501372,2.3967173760273788,1.405842504965158,0.17999360941353906,0.7629604602043132,2.0487245497260025,0.6158904873576162,2.1957945225726996
31,19,3.885361220031512,2.7615112354047966,0.42992173509652765,0.5262411021932301,1.8411096537921652,3.681912817017428,1.6028844747486142,3.920137996060979,2.3349227788769804,0.534095753764995,1.6920407341161356,2.9778048236378254,1.5449707612694388,3.124874796484522
31,20,0.8476431001273326,0.2941999300667697,0.05910360911522547,0.03286812007632997,-0.6262016515458617,1.2146015116794011,-0.8644268305894127,1.4528266907229521,0.8086256029365064,0.0317150033735561,0.16574355817566166,1.4515076476973512,0.01867358532896468,1.5985776205440483
31,28,1.9630455898230348,1.538369270513474,0.10445235734181847,0.09894405739027283,0.6179676889008425,2.458770852126105,0.3797425098572915,2.6969960311696566,1.5732360487124726,0.10185642483743945,0.9303540039516278,2.2161180934733173,0.7832840311049308,2.3631880663200144
31,31,0.8391644082896068,0.21605566134424037,0.09170989865767215,0.0964627873741699,-0.704345920268391,1.1364572429568718,-0.942571099311942,1.3746824220004228,0.7613173651877179,0.09785370602673822,0.1184353204268731,1.4041994099485626,-0.02863465241982388,1.5512693827952595
31,33,0.0634328711791477,0.32727277487650475,0.128927624658168,0.0921000567020245,-0.5931288067361267,1.2476743564891362,-0.8313539857796777,1.4858995355326872,0.8482229712012959,0.09811572064190138,0.2053409264404511,1.4911050159621406,0.058270953593754116,1.6381749888088377
33,37,1.4926067528741174,1.275691889990507,0.14343720094341336,0.1301448929645483,0.35529030837787556,2.196093471603138,0.11706512933432456,2.4343186506466896,1.409800443959215,0.13370021141723828,0.7669183991983703,2.05268248872006,0.6198484263516734,2.199752461566757
33,39,3.199964022950016,2.9642889599797746,0.1359428048959827,0.17007401691214014,2.043887378367143,3.884690541592406,1.8056621993235922,4.122915720635957,2.487703691277634,0.18239646742534926,1.8448216465167893,3.130585736038479,1.6977516736700924,3.2776557088851757
33,40,1.022753674467964,1.2537780946241355,0.12641522375701678,0.06361699608113885,0.33337651301150406,2.1741796762367667,0.09515133396795306,2.412404855280318,1.396240323196703,0.06801506359613371,0.7533582784358583,2.039122367957548,0.6062883055891614,2.186192340804245
34,38,3.584331224367531,4.513493633198347,0.26436370059701997,0.3278313622800519,3.593092051585715,5.433895214810978,3.354866872542164,5.672120393854529,3.4177898034959204,0.33424818730521255,2.7749077587350754,4.060671848256765,2.627837785888379,4.207741821103462
34,47,1.3991829933301867,1.7953112329218455,0.2471872749738399,0.2851742313760631,0.874909651309214,2.715712814534477,0.636684472265663,2.9539379935780277,1.7464308406636695,0.2816108072051365,1.1035487959028247,2.3893128854245145,0.9564788230561277,2.536382858271211
35,3,2.882178940625141,4.082969013034476,0.07968974466079995,0.02031646311449098,3.1625674314218446,5.003370594647107,2.9243422523782936,5.241595773690658,3.160362294835247,0.0029928021699966393,2.517480250074402,3.803244339596092,2.3704102772277054,3.9503143124427886
36,40,2.619128020078996,2.6356985347382578,0.03642282732899358,0.030310259351876628,1.7152969531256264,3.556100116350889,1.4770717740820754,3.79432529539444,2.2600302682935913,0.031249195334019875,1.6171482235327466,2.9029123130544363,1.4700782506860497,3.049982285901133
37,3,2.3326040662322964,3.854928330988657,0.13784961017221273,0.036876785329835814,2.9345267493760256,4.775329912601288,2.6963015703324746,5.0135550916448395,3.0114482841235795,0.039777188450484294,2.3685662393627345,3.6543303288844244,2.221496266516038,3.801400301731121
37,47,3.550907468934868,4.21951408418367,0.20746106423393876,0.14275538775404692,3.2991125025710386,5.139915665796302,3.0608873235274876,5.378140844839852,3.256240175572665,0.15909828014651411,2.61335813081182,3.89912222033351,2.4662881579651232,4.0461921931802065
41,3,3.513483956704257,3.9683526371104216,0.17716024887392587,0.19383315658509362,3.04795105549779,4.888754218723053,2.809725876454239,5.126979397766604,3.046388948719951,0.21534644314637175,2.403506903959106,3.689270993480796,2.2564369311124093,3.8363409663274926
42,37,2.2926901488357947,2.994167897651794,0.2249370909544527,0.13028719298013205,2.0737663160391624,3.9145694792644252,1.8355411369956114,4.152794658307976,2.4294318129566337,0.0728828071536786,1.786549768195789,3.0723138577174787,1.639479795349092,3.2193838305641753
42,45,2.372619822529498,2.362085532923486,0.12924280874626612,0.11380664361454494,1.4416839513108548,3.2824871145361176,1.2034587722673038,3.5207122935796686,2.085334360151161,0.11578147117832902,1.4424523153903162,2.728216404912006,1.2953823425436193,2.8752863777587025
42,48,2.4088947629414843,2.6694754067967867,0.17754986334854625,0.17832652016255332,1.7490738251841553,3.589876988409418,1.5108486461406043,3.828102167452969,2.2201018909107066,0.17210990715954388,1.5772198461498619,2.8629839356715516,1.430149873303165,3.0100539085182483
43,47,3.069718159227601,3.466859109945667,0.17688044517389825,0.113981722846233,2.5464575283330357,4.387260691558298,2.3082323492894847,4.62548587060185,2.745715729291553,0.0910622801567934,2.102833684530708,3.388597774052398,1.9557637116840114,3.5356677468990947
