acyl_chlorides,amines,y_true,y_pred,y_std_unweighted,y_std_weighted,lower90,upper90,lower95,upper95
1,4,2.628538444878437,2.4989304068749094,0.09711964656807873,0.11378629626119183,1.8864567282976639,3.111404085452155,1.6551212061708562,3.3427396075789626
1,7,1.817767004871492,1.569255143035031,0.11557477686460058,0.09322962993148917,0.9567814644577854,2.1817288216122765,0.7254459423309779,2.413064343739084
1,18,0.8126459728437819,0.8091719782197341,0.0201725664918524,0.0071147274410952414,0.19669829964248853,1.4216456567969797,-0.034637222484319,1.6529811789237872
1,21,1.6464938424872213,1.6789248953630544,0.07126384976742692,0.018046932331887543,1.066451216785809,2.2913985739402998,0.8351156946590014,2.5227340960671074
1,28,1.586274097840673,1.2611519522097405,0.030760092747031294,0.04069847674173441,0.648678273632495,1.873625630786986,0.41734275150568745,2.1049611529137935
1,37,1.3386945307066749,1.270099246569733,0.06703076175568161,0.04268676880584065,0.6576255679924874,1.8825729251469785,0.42629004586567987,2.113908447273786
1,42,0.5970051413473701,0.8128743964306208,0.03085016422937297,0.028045471778184068,0.2004007178533752,1.4253480750078662,-0.030934804273432315,1.6566835971346738
2,6,1.2339887782299857,1.1024263812774087,0.02054889890261174,0.008607200468555518,0.4899527027001631,1.7149000598546542,0.2586171805733556,1.9462355819814618
2,7,1.7055273278311804,1.4429871574717599,0.044044526984541504,0.009011047712005308,0.8305134788945143,2.055460836049005,0.5991779567677068,2.286796358175813
3,21,1.1665875050799814,1.0002685450062854,0.040794871179693784,0.04323831562683649,0.3877948664290398,1.612742223583531,0.1564593443022323,1.8440777457103383
3,22,2.047058858308353,1.9501783021647487,0.122179872997743,0.15731245189760856,1.3377046235875032,2.562651980741994,1.1063691014606958,2.7939875028688017
3,27,0.7401793267991856,0.8422823906799697,0.08236496472415998,0.11073072012857295,0.22980871210272413,1.4547560692572152,-0.0015268100240833915,1.6860915913840229
3,33,0.4761663061386466,0.26254363460463026,0.03043010432450598,0.026232804331859164,-0.3499300439726153,0.8750173131818758,-0.5812655660994228,1.1063528353086833
3,37,1.1448950451451592,1.033252425721798,0.05034629907684555,0.06890310381410292,0.42077874714455255,1.6457261042990436,0.18944322501774502,1.877061626425851
4,3,2.509494237018178,2.2471671700034124,0.05832071293494063,0.04200944764754563,1.6346934914261668,2.859640848580658,1.4033579692993592,3.0909763707074656
4,7,2.746594283961722,2.5068066729426963,0.11751025884044984,0.14033097422216587,1.8943329943654508,3.119280351519942,1.6629974722386431,3.3506158736467495
4,9,1.9558139377153672,1.227372828176701,0.13978561056084476,0.14835235779220604,0.6148991495994554,1.8398465067539465,0.38356362747264783,2.071182028880754
4,14,1.977088178356645,2.414827026070996,0.04477185924381674,0.036473215383760985,1.8023533474937503,3.0273007046482414,1.5710178253669427,3.258636226775049
4,18,1.943447898074553,1.4544160500075032,0.08000207837714876,0.08038764901282595,0.8419423714302576,2.0668897285847487,0.6106068493034501,2.2982252507115564
4,20,1.8146600728698188,1.5388842241761054,0.08762586011403843,0.11288495114268011,0.9264105455988598,2.151357902753351,0.6950750234720523,2.3826934248801583
4,26,2.6938827177131124,2.5976931682972086,0.13503422329219353,0.05811088978431825,1.985219489719963,3.210166846874454,1.7538839675931555,3.441502369001262
4,28,2.5265080260426718,2.144689621439908,0.0565991551033496,0.012597196166021882,1.5322159428626625,2.7571633000171536,1.3008804207358549,2.9884988221439612
4,32,1.9612065655905784,1.597111863903207,0.10153643270895249,0.044126732706626676,0.9846381853259614,2.2095855424804522,0.7533026631991538,2.44092106460726
4,35,2.415679611373922,1.8133675979929396,0.05458323454560815,0.07264146734631076,1.200893919415694,2.425841276570185,0.9695583972888865,2.6571767986969927
4,37,2.689977607578294,2.416791212139744,0.07036771308484321,0.04631746261279914,1.8043175335624984,3.0292648907169895,1.5729820114356907,3.260600412843797
5,8,1.4404228695626946,1.7269778413598262,0.04595109547284851,0.04205356755841062,1.1145041627825807,2.3394515199370716,0.8831686406557732,2.570787042063879
5,14,2.01005807718128,2.3918243086794027,0.0759370029442977,0.05087246431860346,1.779350630102157,3.004297987256648,1.5480151079753495,3.235633509383456
5,18,1.8498403404978052,1.751633357710663,0.01244478006430837,0.014409290453335463,1.1391596791334175,2.3641070362879084,0.90782415700661,2.595442558414716
5,20,1.8198094960806444,1.747904683083113,0.07492282244081408,0.08229569978793749,1.1354310045058675,2.3603783616603584,0.90409548237906,2.591713883787166
5,21,2.5587771199465505,2.396572950097557,0.09455832841432667,0.10473902145340759,1.7840992715203114,3.0090466286748025,1.5527637493935038,3.24038215080161
5,31,2.5383644107322194,1.9445201018284615,0.06208334426447876,0.08329215740634498,1.332046423251216,2.556993780405707,1.1007109011244083,2.7883293025325147
5,33,2.2670475092258333,1.5900882823674174,0.018659375402726646,0.012210817671233509,0.9776146037901718,2.2025619609446627,0.7462790816633643,2.4338974830714704
5,35,2.3116211970917626,2.0455571658821183,0.042039030005444754,0.054105300726645385,1.4330834873048728,2.658030844459364,1.2017479651780651,2.8893663665861715
5,37,2.1018519162644163,2.263986950792656,0.05089747476925113,0.015726529271192172,1.6515132722154107,2.8764606293699018,1.420177750088603,3.1077961514967094
6,3,1.131993294689315,1.0112614072078843,0.0491449633076795,0.055445391039389634,0.3987877286306387,1.6237350857851298,0.1674522065038312,1.8550706079119372
6,5,1.125952259737334,1.0740099211232017,0.0556843498309223,0.07036796902649221,0.46153624254595615,1.6864835997004473,0.23020072041914863,1.9178191218272547
6,11,0.5902151406641086,0.5453811510225317,0.0351332774484504,0.04124934649291333,-0.06709252755471384,1.1578548295997773,-0.29842804968152137,1.389190351726585
6,17,0.904741971807668,0.8802690222879364,0.09422383171122548,0.1014409643401473,0.2677953437106908,1.492742700865182,0.03645982158388328,1.7240782229919893
7,4,2.064079569638824,2.2628176626503453,0.07347504062132842,0.07050302922892006,1.6503439840730998,2.875291341227591,1.4190084619462922,3.1066268633543985
7,13,0.9403485690203964,1.6467543727130025,0.055965569478274614,0.0529206329811061,1.034280694135757,2.259228051290248,0.8029451720089494,2.4905635734170555
7,18,0.6475074266539663,0.6569661352113354,0.0812438772891505,0.02802088958971215,0.04449245663408985,1.269439813788581,-0.18684306549271767,1.5007753359153884
7,19,3.709269960975831,2.8108001761138537,0.13842752454609417,0.06545904219855113,2.198326497536608,3.4232738546910992,1.9669909754098005,3.654609376817907
7,22,3.72055097137682,2.5615515719830304,0.1395022275120561,0.17940483843756602,1.9490778934057849,3.174025250560276,1.7177423712789772,3.4053607726870836
7,29,1.2736204669884716,0.6932529201427304,0.0219006146658156,0.01425175972788283,0.08077924156548488,1.305726598719976,-0.15055628056132264,1.5370621208467834
7,30,1.2436608497295136,0.7318064708834224,0.021655154600041547,0.0192126353380325,0.11933279230617688,1.344280149460668,-0.11200272982063064,1.5756156715874754
7,33,1.285814592317886,0.6549750929439582,0.04501809325084336,0.043111453423582184,0.04250141436671262,1.2674487715212037,-0.1888341077600949,1.4987842936480114
7,37,0.4758197283800496,1.2849567570150262,0.06302845929634239,0.03569175205042325,0.6724830784377807,1.8974304355922718,0.44114755631097313,2.128765957719079
8,3,1.1943468339752097,1.0391146924591756,0.028337202710797725,0.030734339163425016,0.4266410138819301,1.6515883710364212,0.19530549175512257,1.8829238931632286
8,4,2.299540952930785,2.249883752146313,0.06697297976619752,0.06495201512741226,1.6374100735690673,2.8623574307235584,1.4060745514422597,3.093692952850366
8,7,1.8403640983673988,1.959473278205201,0.05202604719661946,0.0386732871262404,1.3469995996279553,2.5719469567824467,1.115664077501148,2.803282478909254
8,9,1.0745306280071691,0.89708733307056,0.0648416161104774,0.040878964782039444,0.28461365449331444,1.5095610116478055,0.053278132366506914,1.7408965337746132
8,24,1.021351807714389,0.869118790435613,0.06129437132357478,0.035282767835155306,0.25664511185836747,1.4815924690128586,0.025309589731559945,1.712927991139666
8,26,1.4191507825354612,1.2901856100010525,0.06993422583189542,0.008603879324474983,0.6777119314238069,1.902659288578298,0.4463764092969994,2.1339948107051057
8,32,0.0319545888329137,0.7456460392538291,0.11078819878272433,0.085420151749275,0.13317236067658356,1.3581197178310747,-0.09816316145022397,1.589455239957882
9,3,0.4139791278315436,0.8385488154945009,0.05532906497728129,0.02337868792421849,0.22607513691725534,1.4510224940717464,-0.0052603852095521875,1.6823580161985539
9,10,1.0478465098102745,1.2666775442719298,0.018857263972607716,0.005473987982868754,0.6542038656946843,1.8791512228491754,0.4228683435678767,2.110486744975983
9,12,0.7124620432642064,0.5061771869530158,0.06463669137078121,0.08317353946613044,-0.10629649162422972,1.1186508655302614,-0.33763201375103724,1.349986387657069
9,16,3.2321487063409915,2.3231868775585953,0.11080954179128284,0.11074552744121216,1.7107131989813498,2.935660556135841,1.4793776768545421,3.1669960782626485
9,20,0.8535677392410589,0.24499781668496068,0.09150134969818162,0.10326829844974342,-0.36747586189228487,0.8574714952622062,-0.5988113840190924,1.0888070173890139
9,25,0.9977231638446568,1.4801124069182803,0.10079713057849853,0.010192803394695308,0.8676387283410347,2.092586085495526,0.6363032062142272,2.3239216076223332
9,26,0.4141821522879512,1.0392730735901567,0.015023017402788023,0.015108299494818867,0.4267993950129112,1.6517467521674023,0.19546387288610367,1.88308227429421
9,32,0.5037887442479265,0.3638374765515401,0.06672626907785356,0.026724507527074656,-0.24863620202570547,0.9763111551287856,-0.479971724152513,1.2076466772555932
9,33,0.9179810523697648,0.25514224916553097,0.08370291853903715,0.03745521961164683,-0.3573314294117146,0.8676159277427765,-0.5886669515385221,1.098951449869584
9,37,0.3372887661462162,1.011468965617101,0.030022071827450664,0.03491043835136104,0.39899528703985543,1.6239426441943465,0.1676597649130479,1.855278166321154
10,6,0.2098569672141804,0.8860474192307115,0.05610880640779008,0.054494261377212715,0.27357374065346596,1.498521097807957,0.04223821852665843,1.7298566199347647
10,8,-0.0338161000181882,0.5594954917323673,0.07063577523042576,0.028919919608044794,-0.052978186844878206,1.171969170309613,-0.28431370897168573,1.4033046924364205
10,9,0.7936869182544245,0.238677147809443,0.1278256726512109,0.1449752912817197,-0.37379653076780256,0.8511508263866885,-0.60513205289461,1.0824863485134961
10,10,2.076892406979559,1.7577450668328112,0.11206996960031243,0.14121788808456462,1.1452713882555656,2.3702187454100567,0.9139358661287581,2.6015542675368644
10,17,1.87515581342602,1.0853684098902134,0.047336374790210946,0.06078656641718019,0.4728947313129679,1.697842088467459,0.24155920918616036,1.9291776105942664
10,26,1.634697617392311,1.50458147053601,0.028081607641007703,0.005545164154849304,0.8921077919587646,2.1170551491132557,0.660772269831957,2.3483906712400633
10,28,2.107897144593646,1.2201746349127165,0.06269389062840089,0.011071861278256852,0.6077009563354709,1.832648313489962,0.3763654342086634,2.0639838356167695
11,8,2.355157938424429,2.2971959368193655,0.12058011737479957,0.06125039493546477,1.68472225824212,2.909669615396611,1.4533867361153123,3.1410051375234187
11,23,2.00880125804624,1.970835908284889,0.13873443096563812,0.18551700697673826,1.3583622297076434,2.5833095868621347,1.127026707580836,2.814645108988942
11,26,2.6461512732611605,2.7987422875690813,0.08662539295047825,0.03201181953336648,2.1862686089918357,3.411215966146327,1.954933086865028,3.6425514882731345
12,4,2.6258150518340497,2.7394414926815784,0.06674448988066813,0.06684817663377864,2.126967814104333,3.351915171258824,1.8956322919775253,3.5832506933856316
12,25,2.229965202886006,2.085071324532632,0.02111709518919639,0.024458406215712502,1.4725976459553864,2.6975450031098775,1.2412621238285788,2.928880525236685
13,3,2.7329480604716214,2.8024593642911677,0.05348424183548478,0.04648082439722062,2.189985685713922,3.4149330428684133,1.9586501635871145,3.646268564995221
13,7,3.0319775014575177,3.1120065748531474,0.09497624289923703,0.06159187659396563,2.499532896275902,3.724480253430393,2.268197374149094,3.9558157755572005
13,13,3.1393946528738583,2.8409076221527236,0.06038230844395253,0.05355066050808838,2.228433943575478,3.453381300729969,1.9970984214486704,3.684716822856777
13,18,2.489522882514702,2.8334430059486104,0.1103359823687585,0.08051008581416229,2.220969327371365,3.445916684525856,1.9896338052445572,3.6772522066526636
13,19,2.709269960975831,3.1331387049944155,0.08760892115190527,0.08174331480085803,2.52066502641717,3.745612383571661,2.2893295042903623,3.9769479056984687
13,21,3.584331224367531,2.725663572910257,0.08122570015317584,0.06516162299278945,2.1131898943330114,3.3381372514875025,1.8818543722062038,3.56947277361431
13,25,2.9311187105752223,3.0566399054046514,0.057929054918686766,0.04103256278494951,2.444166226827406,3.669113583981897,2.212830704700598,3.9004491061087045
13,31,2.2191334097218745,2.444489447051252,0.03405435212711461,0.0063901038354383655,1.8320157684740064,3.0569631256284975,1.6006802463471987,3.288298647755305
13,32,2.216413193068405,2.3385508772548107,0.06610490159023054,0.08697044808666055,1.7260771986775651,2.9510245558320563,1.4947416765507575,3.182360077958864
14,3,2.9995510504984804,3.038244329313435,0.15671271443047688,0.14629826371882945,2.4257706507361894,3.6507180078906805,2.1944351286093817,3.882053530017488
14,14,2.6589210464292243,2.1590905363131068,0.08667985149614969,0.006061564663761617,1.5466168577358612,2.7715642148903523,1.3152813356090536,3.00289973701716
14,17,3.1167055943194395,2.7773126651448345,0.09294798979059671,0.10891507955170258,2.164838986567589,3.38978634372208,1.9335034644407814,3.6211218658488877
14,18,2.6603076103403294,2.684544972633101,0.06660125426485121,0.06605047314659812,2.0720712940558554,3.2970186512103465,1.8407357719290478,3.528354173337154
14,20,3.885361220031512,2.479381109475109,0.07444731481468286,0.07877131790493563,1.8669074308978635,3.0918547880523546,1.6355719087710558,3.323190310179162
14,21,3.1514136320961423,2.921625509020223,0.08018064100479642,0.07672687326295792,2.3091518304429774,3.5340991875974685,2.07781630831617,3.765434709724276
14,23,2.2742830166092114,2.4280916040794107,0.06141762084061043,0.008386131077726393,1.8156179255021652,3.0405652826566563,1.5842824033753575,3.271900804783464
14,26,3.2321487063409915,3.033125539757039,0.0374309233891922,0.02845795895057462,2.4206518611797936,3.6455992183342847,2.189316339052986,3.8769347404610923
14,28,3.584331224367531,2.9300836864134965,0.06862255796726674,0.09098080519924595,2.317610007836251,3.542557364990742,2.0862744857094433,3.7738928871175497
15,12,0.9652270874078064,1.319327072703998,0.05404260681690577,0.02654818702905463,0.7068533941267525,1.9318007512812436,0.475517871999945,2.163136273408051
15,15,0.663625798099341,1.0274913627514017,0.051689788478725476,0.06956323028784671,0.4150176841741562,1.6399650413286473,0.18368216204734866,1.871300563455455
15,18,0.8933844853587353,1.2563731895152108,0.04959137526453597,0.006809197451260973,0.6438995109379653,1.8688468680924564,0.41256398881115774,2.100182390219264
15,36,0.755678304987546,1.2087538670218572,0.06103615310109371,0.017408366315931217,0.5962801884446116,1.8212275455991027,0.3649446663178041,2.0525630677259104
16,4,2.269712883557757,1.9827619751946433,0.025973780911033542,0.004637945173792545,1.3702882966173977,2.595235653771889,1.13895277449059,2.8265711758986964
16,10,1.6348879324268837,1.4639572612557525,0.05630100410869158,0.03672623246725758,0.851483582678507,2.0764309398329983,0.6201480605516995,2.3077664619598055
16,12,0.6502613552718077,0.6321943553501216,0.08464705118281109,0.10450579151454586,0.019720676772876033,1.244668033927367,-0.2116148453539315,1.4760035560541747
16,16,3.419520975712839,2.723170654258448,0.12068013899298173,0.14482780053591773,2.1106969756812024,3.3356443328356935,1.8793614535543948,3.566979854962501
16,28,1.252605541210554,1.1842654165812248,0.13373374413819408,0.1766080511234702,0.5717917380039792,1.7967390951584703,0.3404562158771717,2.0280746172852777
17,6,1.731448505387122,1.8132988461864874,0.020434177700679047,0.014040696504280628,1.2008251676092419,2.425772524763733,0.9694896454824343,2.6571080468905404
17,8,1.2115855788989762,1.281608666868075,0.04818279529241778,0.01189230572902863,0.6691349882908295,1.8940823454453206,0.437799466164022,2.125417867572128
17,10,2.310458272502587,2.4857189928560803,0.037659086436071805,0.010422562092999457,1.8732453142788348,3.098192671433326,1.6419097921520271,3.3295281935601335
17,12,1.3048988672582988,1.5209681720892319,0.058412763860126476,0.07106713200716817,0.9084944935119863,2.133441850666477,0.6771589713851788,2.364777372793285
17,25,2.207503074027805,2.8406180486637718,0.06098735770982122,0.04465355318959598,2.228144370086526,3.4530917272410173,1.9968088479597186,3.684427249367825
17,31,1.8334632332387368,1.822052465053997,0.10836053887209235,0.09994597845885601,1.2095787864767515,2.434526143631243,0.978243264349944,2.66586166575805
18,12,-0.1581060393197203,0.5857738201616074,0.055786788543511705,0.07190864864828939,-0.026699858415638156,1.198247498738853,-0.2580353805424457,1.4295830208656604
18,16,2.635743393971506,2.8516187246105,0.10339816042895253,0.07790142043373086,2.2391450460332543,3.4640924031877454,2.0078095239064466,3.695427925314553
18,17,0.4604059250321966,0.7555587355423935,0.06158203457148661,0.07165635316521202,0.14308505696514795,1.368032414119639,-0.08825046516165957,1.5993679362464466
18,18,-0.2129872736497993,0.47310514758238553,0.05951119694612012,0.022415514423345464,-0.13936853099486002,1.085578826159631,-0.37070405312166754,1.3169143482864385
18,31,-0.1651710479715766,0.7368088279959837,0.050464739366705466,0.06886423258580004,0.12433514941873813,1.3492825065732292,-0.10700037270806939,1.5806180287000369
18,36,-0.518621997318092,0.593122346973947,0.06655156546165442,0.013504281219015455,-0.019351331603298605,1.2055960255511926,-0.25068685373010613,1.436931547678
19,4,3.411517675006757,3.156359936145459,0.05569489438229155,0.0004795636041852185,2.5438862575682135,3.7688336147227046,2.312550735441406,4.000169136849512
19,5,1.8911907637043,2.1498535274667905,0.03747773525693683,0.04798203466276425,1.537379848889545,2.762327206044036,1.3060443267627373,2.9936627281708437
19,6,1.7540476375392515,1.805245818666864,0.016497813777653327,0.018883844779005867,1.1927721400896185,2.41771949724411,0.961436617962811,2.649055019370917
19,15,1.8389579559139224,1.5669779367856898,0.1749765264503401,0.21009206998586497,0.9545042582084442,2.179451615362935,0.7231687360816367,2.4107871374897427
19,25,2.6797335597756007,2.488226113771389,0.09161784096213038,0.03245702380695961,1.8757524351941433,3.1006997923486344,1.6444169130673356,3.332035314475442
19,29,1.285837440293592,1.5980416862537374,0.0646235041632255,0.05267278858995538,0.9855680076764919,2.210515364830983,0.7542324855496844,2.4418508869577904
19,33,1.6045430721448617,1.4794146335420009,0.08978992458782137,0.0213269285494212,0.8669409549647553,2.0918883121192464,0.6356054328379478,2.323223834246054
19,35,1.9666896922353891,1.7881508270529507,0.0710819870551145,0.014987062636789514,1.1756771484757051,2.400624505630196,0.9443416263488976,2.6319600277570037
20,4,2.6623119320265687,2.9685980209452145,0.1448238012413623,0.18250621977443682,2.356124342367969,3.58107169952246,2.1247888202411613,3.8124072216492677
20,7,2.1716416389190734,2.0263779217693605,0.07657369921297032,0.05382215931836239,1.413904243192115,2.638851600346606,1.1825687210653073,2.8701871224734137
20,10,2.134562334126135,2.1492274141359244,0.09706207879053314,0.07667774547063222,1.536753735558679,2.76170109271317,1.3054182134318713,2.9930366148399776
20,20,1.390468255750302,1.4038470381360615,0.11495498461285167,0.006260398463826123,0.7913733595588159,2.016320716713307,0.5600378374320084,2.2476562388401145
20,30,1.1168984128278725,1.5293975140526335,0.11407912201368951,0.1340906679845564,0.9169238354753879,2.1418711926298792,0.6855883133485804,2.3732067147566864
20,31,1.7973242745473548,1.1532420141433513,0.11419267016711768,0.08140759274091398,0.5407683355661057,1.7657156927205968,0.3094328134392982,1.9970512148474042
20,32,1.029998764930923,1.480715630348097,0.11973848243924076,0.1561850442389122,0.8682419517708515,2.093189308925343,0.636906429644044,2.32452483105215
21,36,1.3647073029176289,1.8565376017495347,0.07185227075321883,0.02855405894953976,1.2440639231722892,2.4690112803267805,1.0127284010454818,2.7003468024535877
22,4,2.1813791683453023,2.3785493013572507,0.04684780717857339,0.015865512547920263,1.7660756227800052,2.9910229799344963,1.5347401006531975,3.222358502061304
22,7,1.663367669952938,1.7947891270956526,0.09739321991569674,0.04441176002499721,1.182315448518407,2.4072628056728984,0.9509799263915996,2.6385983277997056
22,9,0.6471813512110501,0.7311536988991215,0.0985030763497908,0.005745942716706094,0.11868002032187597,1.3436273774763672,-0.11265550180493156,1.5749628996031746
22,11,0.4750752750792898,1.0498737000650513,0.070990130819293,0.03317575555520876,0.43740002148780577,1.6623473786422969,0.20606449936099824,1.8936829007691043
22,18,0.4908100347865815,1.05181606171797,0.10528935203769475,0.0811450442429549,0.4393423831407244,1.6642897402952155,0.20800686101391686,1.8956252624220231
23,6,1.2687023429386317,1.2912316153694519,0.03460740444386371,0.03994928392454326,0.6787579367922063,1.9037052939466974,0.4474224146653988,2.135040816073505
23,9,1.2888975940771148,0.957181883591435,0.05342082547060961,0.0332415561411856,0.3447082050141894,1.5696555621686805,0.11337268288738189,1.8009910842954882
23,10,1.6870968198241831,1.5071230669570164,0.054231525198702356,0.05226480249938619,0.8946493883797708,2.119596745534262,0.6633138662529633,2.3509322676610696
23,14,0.91713166081777,1.2331209096044489,0.06449110286582442,0.01622420990110096,0.6206472310272033,1.8455945881816944,0.3893117089003958,2.076930110308502
23,22,3.266133203484449,2.060081540653882,0.09420538799357867,0.01100596980430071,1.4476078620766364,2.6725552192311275,1.2162723399498288,2.903890741357935
23,23,0.7864463980343775,1.00838549500454,0.12557192757204952,0.17211754661891393,0.39591181642729434,1.6208591735817854,0.16457629430048681,1.8521946957085929
23,26,1.4667733230068674,1.1932842920612157,0.07456764958334386,0.0109994864411484,0.5808106134839701,1.8057579706384612,0.3494750913571626,2.0370934927652686
23,30,0.0566229050027351,0.6467310133176554,0.04806766610809707,0.04679742911019765,0.03425733474040982,1.259204691894901,-0.1970781873863977,1.4905402140217086
23,32,0.053042902904674,0.743779378137355,0.08257496853466667,0.04785069236325729,0.1313056995601094,1.3562530567146005,-0.10002982256669812,1.587588578841408
24,3,1.0984902847939049,1.0271217168059519,0.028691281065429973,0.027002447668300768,0.41464803822870633,1.6395953953831974,0.1833125161018988,1.8709309175100048
24,5,1.0244355875383513,0.9440347994204467,0.04765008549634008,0.043616298452065876,0.3315611208432011,1.556508477997692,0.10022559871639358,1.7878440001244997
24,9,1.0411797007258066,0.7279413514913244,0.030968070143655515,0.030226222458145387,0.11546767291407889,1.34041503006857,-0.11586784921272864,1.5717505521953776
24,25,1.6092897929497545,1.6802544069274077,0.0560302911829041,0.03731773114081404,1.0677807283501621,2.2927280855046535,0.8364452062233546,2.5240636076314606
24,27,1.087996160941152,0.9135550444904511,0.07600906475755222,0.08984926327038939,0.30108136591320556,1.5260287230676965,0.06974584378639803,1.7573642451945042
24,29,0.9446715368888052,0.36685330733983657,0.048825445867707616,0.001926614371201163,-0.24562037123740899,0.9793269859170821,-0.4769558933642165,1.2106625080438898
24,30,1.0307544687706076,0.7183522342389368,0.022048620067530143,0.0013215022072075007,0.10587855566169124,1.3308259128161823,-0.12545696646511628,1.5621614349429898
25,4,3.709269960975831,3.2816876754279694,0.0777855795092192,0.015343339233273925,2.669213996850724,3.894161354005215,2.437878474723916,4.125496876132022
25,6,2.623194809080951,2.390994026739035,0.11936102020950705,0.051549619925071496,1.7785203481617895,3.0034677053162806,1.5471848260349819,3.2348032274430882
25,10,3.0988763882282138,2.992322882125565,0.07363001239400523,0.059705930483819954,2.3798492035483196,3.6047965607028107,2.148513681421512,3.8361320828296184
25,13,3.218034497123711,3.165070972310194,0.09622864476041616,0.08007181242417188,2.5525972937329486,3.7775446508874397,2.321261771606141,4.008880173014247
25,15,2.2082653285745426,2.32334805330027,0.07108351794394635,0.05286555406263876,1.7108743747230246,2.9358217318775157,1.479538852596217,3.1671572540043234
25,30,2.107956779532581,2.2351975163662665,0.058673125469364505,0.00029675119370913927,1.622723837789021,2.847671194943512,1.3913883156622133,3.0790067170703197
25,33,2.4566884608861232,2.316905998596848,0.0744200999091226,0.07263542826703263,1.7044323200196025,2.9293796771740936,1.473096797892795,3.1607151993009013
26,8,1.2474511350419524,1.5302681983226878,0.08823430165368716,0.05255942011987341,0.9177945197454422,2.142741876899933,0.6864589976186347,2.3740773990267408
26,17,2.6283379486521325,2.0346494457440736,0.06956281095817142,0.0928686896514183,1.422175767166828,2.647123124321319,1.1908402450400204,2.8784586464481268
26,27,1.8728814687929032,1.6635091841393461,0.043900100766414235,0.0322030137814202,1.0510355055621006,2.2759828627165914,0.819699983435293,2.507318384843399
26,31,1.4120375559113283,1.0974723641874902,0.11933948986989482,0.05207592009974813,0.4849986856102446,1.7099460427647357,0.2536631634834371,1.9412815648915434
27,4,2.9720520678557283,2.7787761639398116,0.10482561802687343,0.11800620326228972,2.166302485362566,3.391249842517057,1.9349669632357585,3.622585364643865
27,17,2.1491093744452883,2.3309173942787336,0.07097829458685548,0.09753798274055286,1.718443715701488,2.943391072855979,1.4871081935746804,3.1747265949827868
27,21,2.0066015547856866,2.6626920231463638,0.11778105205680736,0.11473100307333206,2.0502183445691182,3.2751657017236093,1.8188828224423106,3.506501223850417
27,24,2.9102270318215737,2.4377334152467762,0.04179909149904527,0.03052394437394846,1.8252597366695307,3.0502070938240218,1.593924214542723,3.2815426159508294
28,6,1.5331334267355727,1.516621244355995,0.03160623168768152,0.018924607986032113,0.9041475657787494,2.1290949229332403,0.6728120436519419,2.360430445060048
28,10,1.965612612879596,2.1787253798791655,0.130711371692309,0.1047850142967233,1.56625170130192,2.791199058456411,1.3349161791751123,3.0225345805832187
28,13,1.7443291598329915,1.9885706056152108,0.02924166406056022,0.020562698577552132,1.3760969270379653,2.601044284192456,1.1447614049111579,2.832379806319264
28,18,1.2739134723186225,1.1144667951430258,0.048402436519087676,0.06600830175535859,0.5019931165657803,1.7269404737202714,0.27065759443897275,1.958275995847079
28,28,1.8506148235915283,1.7697654941182834,0.07794352248697092,0.04038298564102369,1.1572918155410379,2.382239172695529,0.9259562934142304,2.6135746948223364
28,30,1.3754123588981984,1.165056393401368,0.04463472081037097,0.05917452559888454,0.5525827148241225,1.7775300719786136,0.32124719269731494,2.008865594105421
28,31,1.3881801713039188,1.378606210903212,0.07967705191813207,0.09925138616443958,0.7661325323259665,1.9910798894804576,0.5347970101991589,2.222415411607265
29,4,2.2394891820746103,2.3670163325779328,0.0810515477251206,0.0009916541576012062,1.7545426540006872,2.9794900111551783,1.5232071318738796,3.210825533281986
29,7,1.4540944848435775,1.7692476759369618,0.07162403810861721,0.01875122735688131,1.1567739973597162,2.381721354514207,0.9254384752329087,2.6130568766410147
29,8,0.4057927573817125,0.8308051612624033,0.04235251956807339,0.008649004600172315,0.21833148268515779,1.4432788398396488,-0.01300403944164974,1.6746143619664564
29,9,0.872064584846081,0.9132188318740398,0.06856223728123878,0.047408975582732306,0.3007451532967943,1.5256925104512855,0.06940963116998677,1.757028032578093
29,10,1.5668052393883394,2.524159784803249,0.10297874317701758,0.12340976442794377,1.9116861062260035,3.1366334633804946,1.680350584099196,3.3679689855073023
29,13,1.5812009221432612,1.526351957799078,0.03402731652326625,0.046152197602925236,0.9138782792218325,2.138825636376324,0.682542757095025,2.370161158503131
29,16,3.740678425227455,2.6920304899478857,0.17183973232429278,0.0314733905462779,2.07955681137064,3.3045041685251313,1.8482212892438326,3.535839690651939
29,32,0.3912405888342954,0.7593296754344143,0.10612496249797462,0.13107813659474787,0.14685599685716877,1.3718033540116599,-0.08447952526963876,1.6031388761384675
30,18,2.2142191119884456,1.8400142903101548,0.10507202890064052,0.08253276609435507,1.2275406117329093,2.4524879688874,0.9962050896061018,2.683823491014208
30,37,2.8471385816648294,2.7562960776750325,0.08680425849175497,0.10286065656329293,2.143822399097787,3.368769756252278,1.9124868769709793,3.6001052783790857
31,8,0.1780094732179412,0.5561027444876641,0.04889142888138418,0.054907830263271534,-0.05637093408958149,1.1685764230649096,-0.287706456216389,1.3999119451917172
31,15,0.9868155898397892,1.2779291839204172,0.04686029665502146,0.01762844100649577,0.6654555053431717,1.8904028624976628,0.43411998321636414,2.12173838462447
31,17,2.0103712611764526,1.5002915908358343,0.10246845469197181,0.10230347017266644,0.8878179122585887,2.11276526941308,0.6564823901317812,2.3441007915398875
31,19,3.885361220031512,2.665241376907316,0.16392495554472764,0.02999201380816073,2.0527676983300704,3.2777150554845615,1.8214321762032628,3.509050577611369
31,20,0.8476431001273326,0.797394215154975,0.052049687472209456,0.028481189021957985,0.18492053657772944,1.4098678937322204,-0.04641498554907808,1.641203415859028
31,28,1.9630455898230348,1.5120017769409608,0.05895500802133169,0.011895997714441565,0.8995280983637153,2.1244754555182066,0.6681925762369078,2.355810977645014
31,31,0.8391644082896068,0.7202881112269658,0.09379486151027196,0.08488220755266938,0.10781443264972024,1.3327617898042114,-0.12352108947708729,1.5640973119310189
31,33,0.0634328711791477,0.901330073661155,0.10607827154112127,0.06845097821919471,0.2888563950839095,1.5138037522384007,0.057520872957101954,1.745139274365208
33,37,1.4926067528741174,1.3290783532412849,0.05155468766506509,0.006247744618885677,0.7166046746640393,1.9415520318185304,0.4852691525372318,2.172887553945338
33,39,3.199964022950016,2.593854665332813,0.1106499451370618,0.08843132575746991,1.9813809867555676,3.2063283439100587,1.75004546462876,3.4376638660368664
33,40,1.022753674467964,1.3613792740931798,0.06584285555449428,0.04353512514526701,0.7489055955159343,1.9738529526704254,0.5175700733891268,2.205188474797233
34,38,3.584331224367531,3.6009433478798902,0.15362142766710807,0.15320745218830936,2.9884696693026447,4.213417026457136,2.757134147175837,4.444752548583943
34,47,1.3991829933301867,1.5750040413480129,0.09920179406935715,0.05616215292514624,0.9625303627707673,2.1874777199252584,0.7311948406439598,2.418813242052066
35,3,2.882178940625141,3.158877036635718,0.023871729194811443,0.0012250899851681523,2.5464033580584724,3.7713507152129635,2.3150678359316648,4.002686237339771
36,40,2.619128020078996,2.2800792061903934,0.03298414290433646,0.00272155074915967,1.6676055276131478,2.892552884767639,1.4362700054863402,3.1238884068944466
37,3,2.3326040662322964,3.0255424376982765,0.030207597837981895,0.040033740836645036,2.413068759121031,3.638016116275522,2.1817332369942233,3.8693516384023297
37,47,3.550907468934868,3.3183812192155475,0.11791057802008324,0.15134074221950783,2.705907540638302,3.930854897792793,2.4745720185114943,4.1621904199196
41,3,3.513483956704257,2.9946747468603077,0.18810903444950938,0.23679659368212908,2.382201068283062,3.607148425437553,2.1508655461562545,3.838483947564361
42,37,2.2926901488357947,2.455495492633397,0.11928302433839603,0.06653843513219064,1.8430218140561516,3.0679691712106427,1.611686291929344,3.2993046933374504
42,45,2.372619822529498,2.0151307380830916,0.00776000731343232,0.00272628567292788,1.402657059505846,2.627604416660337,1.1713215373790384,2.858939938787145
42,48,2.4088947629414843,2.123003495571391,0.14827425296772387,0.08955414868445456,1.5105298169941452,2.7354771741486363,1.2791942948673376,2.966812696275444
43,47,3.069718159227601,2.7990889623690425,0.07252294232454377,0.028830547144994702,2.186615283791797,3.411562640946288,1.9552797616649893,3.6428981630730957
