acyl_chlorides,amines,y_true,y_pred,split
1,1,2.717622709509551,1.5901933957650165,TRAIN
1,3,1.2921142450701282,1.2687698404167982,TRAIN
1,4,2.628538444878437,2.518118875176692,TRAIN
1,5,1.2522770746338756,1.2094632208800782,TRAIN
1,9,1.1491433527697963,1.0892816697148486,TRAIN
1,10,1.8264746417233315,1.9460875882627462,TRAIN
1,11,0.7238039389075566,0.6800477711765907,TRAIN
1,13,1.7998545537141892,1.83575178476751,TRAIN
1,15,0.6385054329746982,0.6656600161818467,TRAIN
1,16,3.133538908370217,3.188579341434829,TRAIN
1,19,3.0280287237359604,3.1598984268031516,TRAIN
1,27,0.2017738206241982,0.7054752970542002,TRAIN
1,31,1.1512486121435614,1.119881243807227,TRAIN
1,37,1.3386945307066749,1.2735182211246594,TRAIN
1,38,3.533136288278639,3.4068535237882425,TRAIN
1,43,2.386141216421718,2.4772200529758117,TRAIN
1,44,2.302570092830182,2.197766648110161,TRAIN
1,45,-0.0212054267646856,0.4782884287024252,TRAIN
1,46,1.5982267615389816,1.5874029183674483,TRAIN
1,47,1.587464009066074,1.6462966960931453,TRAIN
1,48,1.3908291687001455,1.4761127781063057,TRAIN
2,4,2.463757293148109,2.469343934426518,TRAIN
2,7,1.7055273278311804,1.639074628398982,TRAIN
2,8,0.8272072256497836,0.7446643256594553,TRAIN
2,14,1.0452766085283072,0.9555333988238534,TRAIN
2,16,3.2321487063409915,3.2646096958873434,TRAIN
2,17,1.1067616624742025,1.1245340752455077,TRAIN
2,18,1.0344337536187769,0.9171332520464008,TRAIN
2,20,1.0243384337450268,0.8451639763499296,TRAIN
2,21,1.495049651469867,1.456303262861605,TRAIN
2,22,2.8641719209446093,2.9567934227720767,TRAIN
2,23,1.074694092747203,1.0235833611411702,TRAIN
2,25,1.806179973983887,1.919810646948807,TRAIN
2,26,1.4043925984520431,1.4710276996015896,TRAIN
2,29,0.8725002131148136,0.7214509252149117,TRAIN
2,30,0.723804937475213,0.8910053874767194,TRAIN
2,31,0.8025062858779184,0.946321119304046,TRAIN
2,32,0.6412031254753843,0.7029410587112238,TRAIN
2,35,1.0561405737264316,1.0224898961297395,TRAIN
3,4,1.9513936912028556,2.1281069526939156,TRAIN
3,5,0.9088330797392212,0.8140445781322853,TRAIN
3,7,1.4285596292072016,1.434216765569077,TRAIN
3,10,1.4475084101275153,1.4378900770794798,TRAIN
3,14,0.5349918548109228,0.6670492771777625,TRAIN
3,20,0.0779478294734278,0.19643905312301135,TRAIN
3,21,1.1665875050799814,0.9892216028616798,TRAIN
3,22,2.047058858308353,2.15284021098181,TRAIN
3,23,0.4752755614101999,0.659256506533445,TRAIN
3,24,0.4952505953581922,0.6280920345296694,TRAIN
3,25,1.3250902125991089,1.1658748543911186,TRAIN
3,26,1.0572081587616609,1.086834910977005,TRAIN
3,27,0.7401793267991856,0.6503083181897164,TRAIN
3,28,1.0194366387904377,1.0164234898918563,TRAIN
3,30,0.5804110829664653,0.5537291202705169,TRAIN
3,31,0.5887902796105688,0.5535964329125508,TRAIN
4,3,2.509494237018178,2.3738172922276513,TRAIN
4,4,3.1652019166679666,3.331852033981657,TRAIN
4,5,2.6399324657099825,2.3626339275400468,TRAIN
4,7,2.746594283961722,2.692228340551613,TRAIN
4,8,1.5261450614239027,1.4216907589180638,TRAIN
4,9,1.9558139377153672,1.972026957280284,TRAIN
4,11,1.605113878399735,1.6086869516973366,TRAIN
4,12,2.0392841861988047,1.844275620527854,TRAIN
4,13,2.789276873880332,2.8510637616109893,TRAIN
4,14,1.977088178356645,2.3353666546314926,TRAIN
4,18,1.943447898074553,1.8449434058019754,TRAIN
4,23,1.9507925249708788,1.8953146981246372,TRAIN
4,24,2.1711444124710546,2.237926706691906,TRAIN
4,25,3.010299956639812,2.981477302758395,TRAIN
4,26,2.6938827177131124,2.5778119353909443,TRAIN
4,27,2.0262176690550358,1.9195119573078887,TRAIN
4,29,1.8627753291183355,1.4743598668157012,TRAIN
4,30,1.9946413831451872,1.8597315776767147,TRAIN
4,31,2.2769825640923824,2.004999342122816,TRAIN
4,32,1.9612065655905784,1.8983098044901083,TRAIN
4,35,2.415679611373922,2.479689486823747,TRAIN
4,37,2.689977607578294,2.6056687590798226,TRAIN
5,1,1.4260776218160427,1.3967359514823776,TRAIN
5,3,2.2363046660079378,2.2678627839217578,TRAIN
5,5,1.8153604221386264,2.0001209833778977,TRAIN
5,7,2.2852797946208634,2.3958451121072826,TRAIN
5,8,1.4404228695626946,1.6695116110287975,TRAIN
5,10,2.4520653658648475,2.746211909107615,TRAIN
5,11,1.5325530118615285,1.5400223524969383,TRAIN
5,12,1.7962716853413858,1.7005667377253018,TRAIN
5,13,2.6616464844388865,2.6710491364437523,TRAIN
5,17,1.9717961875899184,1.9530398304244612,TRAIN
5,18,1.8498403404978052,2.0402666446270548,TRAIN
5,20,1.8198094960806444,1.8725822580052711,TRAIN
5,24,1.9170465141590325,2.0245082550738887,TRAIN
5,25,2.989110657552909,2.94247713745705,TRAIN
5,26,2.598940426796733,2.527311724532593,TRAIN
5,30,2.354438367799905,2.1809772607357467,TRAIN
5,31,2.5383644107322194,2.4315455272204245,TRAIN
5,32,2.3061953142468594,2.214330099452464,TRAIN
5,35,2.3116211970917626,2.0811076749867117,TRAIN
5,36,2.256386366878349,1.9424116125287965,TRAIN
6,1,0.5985594029175545,1.04928726688543,TRAIN
6,5,1.125952259737334,1.2002137643875457,TRAIN
6,9,0.9424102911050448,0.900551299451141,TRAIN
6,11,0.5902151406641086,0.6086757151853497,TRAIN
6,12,0.8482845735443323,0.7780397754056685,TRAIN
6,13,1.463769095008156,1.5575374948635878,TRAIN
6,14,0.7881471397757259,0.7507613147330122,TRAIN
6,15,0.7098995095956493,0.6001687749040886,TRAIN
6,21,1.388192582868046,1.5109088855423716,TRAIN
6,23,1.012468640731677,1.0293476283797665,TRAIN
6,26,1.3941501950978723,1.5108265303127344,TRAIN
6,30,0.4531972511943691,0.6693049198770862,TRAIN
6,33,0.6155502506227533,0.6295645154794554,TRAIN
6,37,1.2861602481760936,1.315509223856245,TRAIN
7,7,1.1651750492945323,1.4806121396595633,TRAIN
7,9,-0.1584810563572672,0.6083960209148692,TRAIN
7,13,0.9403485690203964,1.2546813797297383,TRAIN
7,14,0.8349505785808208,0.9494951245123462,TRAIN
7,16,3.573050214011414,3.460965988762485,TRAIN
7,17,0.9034161132580918,1.0893784165746132,TRAIN
7,20,1.0139814981876716,1.0673277385067543,TRAIN
7,21,0.6101554040495217,1.2177648325813135,TRAIN
7,23,0.625612348038092,0.756146960353538,TRAIN
7,24,0.8121040224986154,1.215530549551209,TRAIN
7,27,1.2189606648536575,1.088374513745447,TRAIN
7,29,1.2736204669884716,0.8675387592617451,TRAIN
7,30,1.2436608497295136,1.0691705624725145,TRAIN
7,32,1.330300098737075,1.1372805220329651,TRAIN
7,35,1.1945799295491493,1.3577186150081053,TRAIN
7,56,2.18937800584203,1.4155685207132918,TRAIN
8,1,-1.0742537588826924,0.05841689595630425,TRAIN
8,3,1.1943468339752097,1.1432414726980884,TRAIN
8,6,1.1418999726532808,1.1594985272218599,TRAIN
8,9,1.0745306280071691,1.033914930489018,TRAIN
8,10,1.8462809388780268,1.7930825644432604,TRAIN
8,11,0.4670552455794138,0.5242870014387945,TRAIN
8,12,0.6492533557053539,0.7856362034707082,TRAIN
8,15,0.3166943728486737,0.5440148434018939,TRAIN
8,16,3.533178701877738,3.4568675204475032,TRAIN
8,21,1.5820480751358044,1.4278078913609524,TRAIN
8,23,1.0249845910178272,0.9972449257233231,TRAIN
8,24,1.021351807714389,0.8760648856760762,TRAIN
8,25,1.810568407358671,1.8243141968220253,TRAIN
8,26,1.4191507825354612,1.342039775718237,TRAIN
8,27,0.99969851129257,0.9132761578305137,TRAIN
8,28,1.4391006494258058,1.3050127888783276,TRAIN
8,29,0.6603450282786112,0.5060337190823034,TRAIN
8,31,0.5083826823713391,0.6092672128697,TRAIN
8,33,0.5636005805059584,0.46320410983068006,TRAIN
8,36,0.6044024052219278,0.5303644595464958,TRAIN
9,3,0.4139791278315436,0.5663829150153868,TRAIN
9,4,1.7386773670500282,1.6059875695133334,TRAIN
9,5,0.2990722507673828,0.5521254987452587,TRAIN
9,6,0.4839245490470348,0.5908684189674587,TRAIN
9,7,1.1636418113863178,1.201663685990663,TRAIN
9,8,0.2285831274152241,0.2629232586534521,TRAIN
9,9,0.7446268509245566,0.6555009080618232,TRAIN
9,10,1.0478465098102745,1.0689126767102775,TRAIN
9,12,0.7124620432642064,0.6014140153238455,TRAIN
9,13,0.8702573249459444,1.0240171302879113,TRAIN
9,14,0.8664231067365935,0.5716938283586119,TRAIN
9,15,0.4801139840736061,0.42473744280475567,TRAIN
9,18,0.7170083567525821,0.5204859541910042,TRAIN
9,20,0.8535677392410589,0.7407832225857833,TRAIN
9,21,0.416391602092834,0.59867494760685,TRAIN
9,23,0.7260588437841362,0.7917656163730168,TRAIN
9,25,0.9977231638446568,1.097218754076009,TRAIN
9,27,0.6384363517723998,0.5290146928449502,TRAIN
9,28,0.3401068617441242,0.6770036534016021,TRAIN
9,30,0.7240189989288691,0.5573383914445948,TRAIN
9,32,0.5037887442479265,0.4232104895951243,TRAIN
9,33,0.9179810523697648,0.7782777058819339,TRAIN
9,35,-0.8246303703221254,-0.16559252978500402,TRAIN
9,36,0.5063924568034406,0.2814803346265392,TRAIN
10,3,1.551652856141914,1.4353934596859705,TRAIN
10,4,2.661428467126507,2.73378927309337,TRAIN
10,5,1.5233701469325351,1.3363799459756427,TRAIN
10,10,2.076892406979559,1.9432835133711706,TRAIN
10,11,0.545799730034997,0.47565473733355007,TRAIN
10,14,0.8792575987805666,0.751287886314474,TRAIN
10,16,0.895108321614127,1.5493793128438396,TRAIN
10,17,1.87515581342602,1.6589299360169634,TRAIN
10,20,0.2796610817176711,0.3803707853003032,TRAIN
10,24,1.304689192518448,1.3567736092191462,TRAIN
10,25,1.9549683210644784,1.9167168527162806,TRAIN
10,26,1.634697617392311,1.6886112189761053,TRAIN
10,28,2.107897144593646,1.9164100725907796,TRAIN
10,29,0.2403110008755321,0.3920807741621633,TRAIN
10,31,0.4595467974419194,0.33114635017597327,TRAIN
10,32,-0.1566196367050229,0.14040806695570515,TRAIN
10,37,1.7412245887925375,1.6478934704771782,TRAIN
11,3,2.6898587219383927,2.603775729032859,TRAIN
11,4,3.1652019166679666,3.1942060486641624,TRAIN
11,5,2.8891542090457007,2.7083922880252045,TRAIN
11,6,2.701152070737647,2.690701433437714,TRAIN
11,7,3.010299956639812,3.1185510966283583,TRAIN
11,10,2.957562193555848,3.033638684929,TRAIN
11,11,2.406896131984825,2.3745802519916532,TRAIN
11,13,2.844541105152449,2.8761461713801975,TRAIN
11,14,2.2173030560608336,2.1397825292105144,TRAIN
11,15,2.2540192682112155,2.3428414369404766,TRAIN
11,16,2.806179973983887,2.823325126082313,TRAIN
11,18,2.1857335215343494,2.232561653559861,TRAIN
11,20,2.2871520965024725,2.31921530695177,TRAIN
11,21,2.7668342422296943,2.7079317400544554,TRAIN
11,23,2.00880125804624,2.1741354387404805,TRAIN
11,24,2.529649186595796,2.656345192250715,TRAIN
11,25,2.8585680434728777,2.952276069453819,TRAIN
11,28,2.6837485114267543,2.7740837092413853,TRAIN
11,35,2.12650429926929,2.269203408586665,TRAIN
12,5,1.4460054986244042,1.3318974431996573,TRAIN
12,7,2.129701649242331,1.9823492985080962,TRAIN
12,8,0.9067642501136448,0.9625653128779994,TRAIN
12,9,1.4229809451308104,1.4107795050081045,TRAIN
12,11,0.7647314615406197,0.854245880375398,TRAIN
12,12,0.9032129549928808,1.016626137916285,TRAIN
12,14,1.3258008215653434,1.2419278200313504,TRAIN
12,21,1.972659518020981,1.9177730062198963,TRAIN
12,24,1.2999838632716056,1.3375786252490334,TRAIN
12,26,1.886300972332837,1.7795727215472408,TRAIN
12,27,0.789717476750998,1.1232160389500863,TRAIN
12,28,1.658340584009279,1.6038180705957974,TRAIN
12,35,1.1839496878484503,1.2758921178180083,TRAIN
12,36,0.163423582232064,0.5631623104653615,TRAIN
12,37,1.645702347988537,1.5294088309868692,TRAIN
13,3,2.7329480604716214,2.8177615546962036,TRAIN
13,4,3.1072099696478683,3.1465428946535363,TRAIN
13,5,2.807659684014007,2.7710594346530404,TRAIN
13,6,2.787935519884809,2.6046700376294463,TRAIN
13,7,3.0319775014575177,3.1504487088765054,TRAIN
13,8,2.6575070456095484,2.6727181989461375,TRAIN
13,9,2.3621641459870224,2.3458603051129905,TRAIN
13,10,3.092232813505593,3.226596826241005,TRAIN
13,11,2.3118605733769555,2.342373640133092,TRAIN
13,12,2.69035196678045,2.5829244032497645,TRAIN
13,13,3.1393946528738583,3.057054024272256,TRAIN
13,15,2.6050864459611662,2.616360214668833,TRAIN
13,17,2.779851035278502,2.651323277400332,TRAIN
13,18,2.489522882514702,2.5671674944586718,TRAIN
13,22,3.709269960975831,3.3870662032665453,TRAIN
13,24,2.817231320489284,2.7778403960633713,TRAIN
13,26,2.667601270414288,2.6866866587679157,TRAIN
13,27,2.045330591784821,2.115123972150399,TRAIN
13,28,3.1072099696478683,3.0288735174072814,TRAIN
13,29,1.898764811620344,1.6595322258423664,TRAIN
13,30,2.2006269495628965,2.461446663984158,TRAIN
13,33,1.9700419314813375,2.2295576969878526,TRAIN
13,36,2.123722237527266,2.397451114977862,TRAIN
13,37,2.7431282282261957,2.7194228958509443,TRAIN
14,7,3.3412931756246875,3.282658627021608,TRAIN
14,8,2.524175470689946,2.5887856780188248,TRAIN
14,9,2.5075102538922565,2.4383644602685246,TRAIN
14,10,3.392445698204016,3.4213254642334303,TRAIN
14,12,2.567180656289262,2.6460299400573124,TRAIN
14,13,3.380211241711606,3.3563400073142655,TRAIN
14,14,2.6589210464292243,2.421260949022999,TRAIN
14,15,3.584331224367531,3.108072746407529,TRAIN
14,16,3.2833012287035497,3.2816049394228646,TRAIN
14,17,3.1167055943194395,2.974900627317924,TRAIN
14,23,2.2742830166092114,2.3551293121975516,TRAIN
14,27,2.970990222637022,2.749426388065139,TRAIN
14,28,3.584331224367531,3.3511844303307305,TRAIN
14,29,3.0724478635583026,3.085762969645784,TRAIN
14,30,3.175132702233188,2.9498733030994555,TRAIN
14,32,3.175132702233188,3.0904617253566817,TRAIN
14,35,3.127796500322832,2.915889396956046,TRAIN
14,36,3.250772003884169,2.998136016285607,TRAIN
14,37,2.3791897048945274,2.6619573800785963,TRAIN
14,56,1.7195437281782302,2.443784706957407,TRAIN
15,1,0.6747765086973401,0.8457388364251938,TRAIN
15,4,2.755027451544988,2.559781592750983,TRAIN
15,5,1.5301658659857371,1.423230376716146,TRAIN
15,6,1.4373618042030163,1.6908199802866974,TRAIN
15,9,1.5270663931378077,1.5283751740088738,TRAIN
15,11,0.7637288290633751,0.8502341995482838,TRAIN
15,14,1.531127434573906,1.7007628260987184,TRAIN
15,15,0.663625798099341,0.6847255951657921,TRAIN
15,18,0.8933844853587353,0.9936170773892259,TRAIN
15,20,0.9077616842319874,0.9278762667758438,TRAIN
15,21,2.193722882724713,2.0227097022460687,TRAIN
15,23,1.4863541661137176,1.4960920703939073,TRAIN
15,24,1.3718322198558657,1.3418804073405832,TRAIN
15,31,1.349806213140085,1.3218266408173995,TRAIN
15,35,1.4876175469644823,1.3017469024634192,TRAIN
15,36,0.755678304987546,0.7997555660193643,TRAIN
16,4,2.269712883557757,2.198023756749136,TRAIN
16,7,1.6348879324268837,1.7105117291466865,TRAIN
16,9,0.926912010132627,0.8312213394501179,TRAIN
16,12,0.6502613552718077,0.6636954284176306,TRAIN
16,13,1.4595256209836869,1.4183702741314608,TRAIN
16,16,3.419520975712839,3.1930157596590925,TRAIN
16,21,1.286756080991466,1.2111330344639903,TRAIN
16,24,-0.2778037822062623,0.33859322094353334,TRAIN
16,25,1.4588285045935665,1.5038648282834846,TRAIN
16,28,1.252605541210554,1.2411530241514643,TRAIN
16,35,0.5622587607679643,0.6553940217050963,TRAIN
17,1,0.6991496058103047,0.9769876304029244,TRAIN
17,4,2.630088714962135,2.772200174048332,TRAIN
17,5,1.7935483905388,1.7679646544791154,TRAIN
17,6,1.731448505387122,1.7865225956339772,TRAIN
17,7,2.412848827792785,2.474531789085869,TRAIN
17,8,1.2115855788989762,1.1691845408828243,TRAIN
17,9,1.896240729482065,1.9524940615380475,TRAIN
17,12,1.3048988672582988,1.2373062694308363,TRAIN
17,13,2.3695475654635323,2.2518759993910926,TRAIN
17,15,1.5067081532677438,1.506951807864107,TRAIN
17,18,1.3883854395694264,1.501020574447225,TRAIN
17,20,1.3544582164298746,1.245691916261597,TRAIN
17,23,1.7122593506195067,1.8071376914330957,TRAIN
17,24,1.732739573209557,1.7614520041321717,TRAIN
17,26,1.8548898517152208,1.8343520294173339,TRAIN
17,28,1.9964361683551093,1.9372677156105778,TRAIN
17,29,1.2067333814196657,1.2976714315717268,TRAIN
17,32,1.3484436446986865,1.3189349455437744,TRAIN
17,33,1.3321941631914576,1.1497077709121197,TRAIN
17,35,1.694954570671179,1.5817115712676413,TRAIN
17,36,1.3619882100160607,1.3100649571948733,TRAIN
17,37,1.0945425102362865,1.2829057483778967,TRAIN
18,5,1.0849870555805643,0.9209093687842911,TRAIN
18,6,1.1160283913883655,1.0444907172287272,TRAIN
18,12,-0.1581060393197203,0.14570573724327512,TRAIN
18,13,1.2652625297082083,1.2587145063682277,TRAIN
18,16,2.635743393971506,2.9189241566366446,TRAIN
18,17,0.4604059250321966,0.518827050158719,TRAIN
18,23,1.3590219426959549,1.0387276739824798,TRAIN
18,25,1.592341755064075,1.4009979318156052,TRAIN
18,26,1.112929218372725,1.1812589039026333,TRAIN
18,28,1.024518711408389,0.9741002663814281,TRAIN
18,29,-0.1106227564373133,0.16330548626883953,TRAIN
18,31,-0.1651710479715766,0.28983484235164847,TRAIN
18,36,-0.518621997318092,-0.025573486767482514,TRAIN
19,4,3.411517675006757,3.332424804906006,TRAIN
19,6,1.7540476375392515,1.7860471200696109,TRAIN
19,7,2.6604370859021125,2.739883384464349,TRAIN
19,8,0.9818898333686092,1.0183500631756983,TRAIN
19,9,1.977413805275109,1.8077450462668667,TRAIN
19,10,2.749890617712448,2.7768837824601387,TRAIN
19,12,1.0241456047512738,1.2288453385592117,TRAIN
19,13,2.7935944590289385,2.782680657295611,TRAIN
19,14,1.9887927913246932,2.0809304024815827,TRAIN
19,15,1.8389579559139224,1.6490996334253263,TRAIN
19,18,1.7757959773439431,1.9256742982938102,TRAIN
19,21,2.57905698382687,2.424613989712236,TRAIN
19,23,1.992458131871611,1.9739090883888983,TRAIN
19,24,2.160872711364267,1.99345164383958,TRAIN
19,25,2.6797335597756007,2.8674717042452627,TRAIN
19,26,2.2757589602060446,2.3892098744486048,TRAIN
19,29,1.285837440293592,1.3528651556785471,TRAIN
19,30,1.2890561241547285,1.6207734281688952,TRAIN
19,32,1.588959669936099,1.712151469670035,TRAIN
19,33,1.6045430721448617,1.5037477484582122,TRAIN
19,36,1.4313061146569452,1.4682787335382856,TRAIN
19,37,1.7133246983871142,2.0409590215533084,TRAIN
20,1,0.6365698944430164,0.903287197168187,TRAIN
20,3,1.8369204137925663,2.049258098901988,TRAIN
20,6,1.7979760666044544,1.6637584919980164,TRAIN
20,7,2.1716416389190734,1.9749152313172917,TRAIN
20,8,1.450620498722959,1.3368053408827487,TRAIN
20,9,1.5991947491253484,1.4661796819023039,TRAIN
20,11,0.999226620793254,1.1322472987200072,TRAIN
20,14,1.5077132045122412,1.5395439773119477,TRAIN
20,15,1.487300501717637,1.4055845229866955,TRAIN
20,20,1.390468255750302,1.3489967374959526,TRAIN
20,21,1.858477518279667,1.9140142362675643,TRAIN
20,27,1.2735923254947887,1.261106312084622,TRAIN
20,29,0.8182446371085098,1.0019114061690169,TRAIN
20,36,1.1346934508716258,1.4061166588034306,TRAIN
20,37,1.001018261260035,1.4436078369995935,TRAIN
21,7,3.3239190795875784,3.2537679319314172,TRAIN
21,8,1.3869384193048613,1.2509796974918832,TRAIN
21,9,1.7617654376007148,1.549073253540511,TRAIN
21,10,3.3169098297640387,3.162937670230679,TRAIN
21,11,2.016035821575313,1.629857551952362,TRAIN
21,15,2.0287755759591404,2.1214920855982986,TRAIN
21,18,1.9707836288653249,1.9767030352126234,TRAIN
21,20,1.7001748176546847,1.788325644429635,TRAIN
21,25,3.1652019166679666,3.132787087656565,TRAIN
21,26,2.612359947967774,2.7386685896334524,TRAIN
21,28,2.927325721586209,2.5755699804642265,TRAIN
21,30,0.8304445973941741,0.9386437475549825,TRAIN
21,31,1.25130553954164,1.4486770843492771,TRAIN
21,33,1.1401203351113884,1.4191288031032305,TRAIN
21,35,2.255943371691413,2.2704962443307326,TRAIN
21,37,3.0018197391497936,2.904294602379343,TRAIN
22,3,1.1476629502379847,1.2379751906423673,TRAIN
22,4,2.1813791683453023,2.4454672156404014,TRAIN
22,7,1.663367669952938,1.6944711943612325,TRAIN
22,9,0.6471813512110501,0.6852686996700824,TRAIN
22,10,1.6416271331813803,1.6727644937560573,TRAIN
22,11,0.4750752750792898,0.615731492647426,TRAIN
22,12,0.733842164831134,0.8637818578804204,TRAIN
22,14,0.6069442808336508,0.6444239701571296,TRAIN
22,15,0.499307739979917,0.6023344537652734,TRAIN
22,17,1.3194794415856752,1.2836803815340114,TRAIN
22,20,0.0658161817534811,0.32321933627672506,TRAIN
22,21,1.7022385310216377,1.6645080913766972,TRAIN
22,22,3.2321487063409915,2.8774683627172566,TRAIN
22,23,0.5299735620298585,0.45246653814561905,TRAIN
22,25,1.6342841649995283,1.7461099826661959,TRAIN
22,27,0.5379655594125325,0.4777787868727956,TRAIN
22,28,1.4454716432181611,1.3632094542509812,TRAIN
22,29,-0.2219701743356287,0.32354222992116594,TRAIN
22,31,0.0090399999831613,0.09788580832968638,TRAIN
22,32,0.2339702301872099,0.31428887024609936,TRAIN
22,35,1.0223495237011908,1.080781122760354,TRAIN
23,3,1.330073426511114,1.2830011974180051,TRAIN
23,4,2.4819435620504597,2.5135712908182466,TRAIN
23,5,1.2420753141919754,0.9806181002227987,TRAIN
23,6,1.2687023429386317,1.1484110084885386,TRAIN
23,7,1.7574988907994369,1.6527231778374318,TRAIN
23,9,1.2888975940771148,1.0294942334834698,TRAIN
23,10,1.6870968198241831,1.5078786431015427,TRAIN
23,11,0.515475878932887,0.35458961080006923,TRAIN
23,13,1.5723397456232904,1.5355366213897779,TRAIN
23,14,0.91713166081777,1.102510291264149,TRAIN
23,15,0.1830277631342569,0.411575179904718,TRAIN
23,16,3.069421408635089,3.1473428529967022,TRAIN
23,18,0.4503275371307528,0.4998360279817478,TRAIN
23,22,3.266133203484449,3.145681600489541,TRAIN
23,23,0.7864463980343775,0.8591493922381925,TRAIN
23,24,0.659436653532022,0.7864668481395133,TRAIN
23,26,1.4667733230068674,1.463352185776543,TRAIN
23,27,0.6907807016785441,0.8532221426568903,TRAIN
23,30,0.0566229050027351,0.29435377120413175,TRAIN
23,31,0.9412536760256474,0.7528260214791644,TRAIN
23,32,0.053042902904674,0.3000797961801916,TRAIN
23,33,0.2549087003850667,0.5101920892037248,TRAIN
23,35,1.1745448409320502,1.1906246980928803,TRAIN
23,36,0.6042888021591319,0.6475409841797272,TRAIN
23,37,1.4926073585866075,1.4667218056768119,TRAIN
24,1,0.1885985169833625,0.5443853834127211,TRAIN
24,3,1.0984902847939049,1.0348452802442922,TRAIN
24,5,1.0244355875383513,1.1606305687348393,TRAIN
24,6,1.0429925789458998,1.0160827507835533,TRAIN
24,7,1.6266162600066298,1.6107116085495634,TRAIN
24,10,1.5977576442765933,1.5412074913956237,TRAIN
24,11,0.6941637015758041,0.6379224134711216,TRAIN
24,12,0.485809766618851,0.557062677208582,TRAIN
24,15,0.3302922109092222,0.3476965992962154,TRAIN
24,16,3.3113299523037933,3.2569133355149686,TRAIN
24,17,0.7420420295090233,0.7634153147299286,TRAIN
24,18,0.526701928564893,0.752867889425345,TRAIN
24,22,3.709269960975831,3.2600113238526025,TRAIN
24,23,1.287015575082196,1.0262411646248752,TRAIN
24,25,1.6092897929497545,1.7254222613422132,TRAIN
24,26,1.3150635749094497,1.310714561197889,TRAIN
24,28,1.228117911294735,1.194800119576124,TRAIN
24,31,0.9526381018357194,0.7382005711159192,TRAIN
24,32,0.8692897127763551,0.6600213495478715,TRAIN
24,33,0.7636966960249366,0.7770217809078902,TRAIN
24,35,0.9748032713839356,0.9127693804813108,TRAIN
24,36,0.9123357931437144,0.5816850018073415,TRAIN
25,3,2.687263461315838,2.7318696550903367,TRAIN
25,4,3.709269960975831,3.5141885793920635,TRAIN
25,7,3.1449985304241705,3.180538616741929,TRAIN
25,8,2.274409053841849,2.4774909485475134,TRAIN
25,9,2.33223539755572,2.205545781303685,TRAIN
25,12,1.9555132000391784,2.2588983908424316,TRAIN
25,13,3.218034497123711,3.279217601773733,TRAIN
25,24,2.7347797401651115,2.687292248249573,TRAIN
25,25,3.05605744728531,3.0533756848630698,TRAIN
25,26,2.984637966300973,2.847388649863387,TRAIN
25,27,2.39331459385082,2.529679664079689,TRAIN
25,28,2.9689072714773457,3.0100192959150607,TRAIN
25,32,2.6548997667977146,2.6886938758443737,TRAIN
25,35,2.6072619258872107,2.654564144979666,TRAIN
25,37,2.7431282282261957,2.7833911378338834,TRAIN
26,1,0.684739612421169,1.327442482999731,TRAIN
26,7,2.9082343098208767,2.73827675534423,TRAIN
26,13,2.8383646573359003,2.779381386357898,TRAIN
26,14,1.330276383463315,1.690239053244536,TRAIN
26,15,1.580355217528206,1.9226338545251402,TRAIN
26,17,2.6283379486521325,2.4720051876932425,TRAIN
26,20,1.3335232740160756,1.5320080514267773,TRAIN
26,21,3.066465001835441,2.6359367048901063,TRAIN
26,25,2.969434008357016,2.786842437134176,TRAIN
26,27,1.8728814687929032,1.8689541699805003,TRAIN
26,28,2.6799549823963686,2.650535983556164,TRAIN
26,30,1.246252798817258,1.305140189300137,TRAIN
26,31,1.4120375559113283,1.5728665458467381,TRAIN
26,32,1.3625424068356329,1.8217003648347572,TRAIN
26,35,2.2905482653834026,2.218332402627665,TRAIN
26,37,2.4420982326406757,2.321793111963972,TRAIN
27,3,2.511573706485442,2.5839774832926845,TRAIN
27,4,2.9720520678557283,2.9663062694720512,TRAIN
27,5,2.592678900164308,2.63255650137758,TRAIN
27,6,2.5273208220931376,2.4368682124441587,TRAIN
27,14,1.4844727371440036,1.8778364955050624,TRAIN
27,15,2.775963959878715,2.6496473705035095,TRAIN
27,18,2.7755363858548385,2.5729277662303147,TRAIN
27,21,2.0066015547856866,2.3988252676559148,TRAIN
27,24,2.9102270318215737,2.7047815545475355,TRAIN
27,29,2.2765346317788637,1.9075310624398982,TRAIN
27,36,2.7297916280812835,2.676850495034078,TRAIN
28,3,1.5148444814529032,1.4979492917832016,TRAIN
28,4,2.474336030933628,2.530836705585449,TRAIN
28,5,1.5108609690053874,1.4702748907752148,TRAIN
28,7,1.989868385507637,1.998206525635138,TRAIN
28,8,1.3277300687266198,1.221621988993865,TRAIN
28,10,1.965612612879596,1.9042411895909601,TRAIN
28,11,1.1256867271924984,0.9784806544467364,TRAIN
28,12,1.2815102455804483,1.1410894515088472,TRAIN
28,14,1.2858859662437885,1.4019258246805513,TRAIN
28,17,1.2921489309878518,1.3860190571552544,TRAIN
28,18,1.2739134723186225,1.1194186515946165,TRAIN
28,21,1.871960690102045,1.9211413280652732,TRAIN
28,24,1.1311287949189124,1.3518934477256441,TRAIN
28,27,1.9020320218462023,1.5708208585267571,TRAIN
28,31,1.3881801713039188,1.5795815573836114,TRAIN
28,32,1.380796938939605,1.2386216833272323,TRAIN
28,33,1.4302217442283545,1.3485959522269608,TRAIN
28,35,1.485857624851429,1.2972488164018652,TRAIN
28,37,1.7214028733537714,1.6193622256315507,TRAIN
29,1,3.709269960975831,1.9925571099972585,TRAIN
29,3,0.9915562456448116,0.8222154386407667,TRAIN
29,5,0.8985540390273906,0.9491372053134817,TRAIN
29,7,1.4540944848435775,1.362368202201603,TRAIN
29,8,0.4057927573817125,0.472597032141789,TRAIN
29,10,1.5668052393883394,1.7973616379250457,TRAIN
29,11,0.3778603712352538,0.2648254665522548,TRAIN
29,12,0.4956769307192722,0.5877594605207309,TRAIN
29,13,1.5812009221432612,1.404001227365281,TRAIN
29,14,0.6725059187836467,0.8245220955992948,TRAIN
29,15,0.2961971510083631,0.45878764479010675,TRAIN
29,16,3.740678425227455,3.4528297756101347,TRAIN
29,17,0.8734256268112959,0.772790616355352,TRAIN
29,18,0.3394464893273061,0.6229913991972389,TRAIN
29,19,3.4082399653118496,3.4981584014276197,TRAIN
29,20,0.4561386945795009,0.5282349510434801,TRAIN
29,23,0.6736014278527503,0.8269454141680659,TRAIN
29,24,0.9327720927665636,0.8809897586135096,TRAIN
29,25,1.633697757868241,1.598970108249981,TRAIN
29,26,1.2298680254204153,1.2702969257504795,TRAIN
29,28,1.2389576379743945,1.3644252517914215,TRAIN
29,31,0.9556350902857764,0.8400192206796181,TRAIN
29,33,0.4925047191936715,0.48733814018148497,TRAIN
29,36,0.6284492951381558,0.585686952147654,TRAIN
30,3,2.4141403401457544,2.459827138259328,TRAIN
30,5,2.435451093361703,2.4950655558566774,TRAIN
30,6,2.397697747416052,2.2968838325157486,TRAIN
30,7,2.95827095664814,2.972782433035216,TRAIN
30,8,1.9779840653214245,1.7983172668331866,TRAIN
30,9,2.287979491020097,2.2014105149188787,TRAIN
30,10,3.0585180456561325,3.070905875981007,TRAIN
30,11,1.5737629678398932,1.6318629132220965,TRAIN
30,13,3.1652019166679666,2.9197527836595603,TRAIN
30,17,2.6246441696706047,2.5219608884258844,TRAIN
30,18,2.2142191119884456,2.0704119946981687,TRAIN
30,21,3.1426822877435594,2.7467496317607507,TRAIN
30,23,2.5863391945082097,2.356895149688463,TRAIN
30,24,2.599342441622832,2.4406736127026933,TRAIN
30,29,1.399337184886972,1.5270117413026711,TRAIN
30,31,2.431209567716288,2.468483827572956,TRAIN
30,32,1.4182222974073395,1.7585855921734856,TRAIN
31,1,3.573050214011414,2.262583694787039,TRAIN
31,3,1.8205645467740692,1.7535041053404556,TRAIN
31,4,3.0421763746745856,2.8878107115368916,TRAIN
31,8,0.1780094732179412,0.44058081752255496,TRAIN
31,10,2.163656788745917,2.143789080302161,TRAIN
31,13,2.2252730437682056,2.20396445190508,TRAIN
31,15,0.9868155898397892,1.1285621557957615,TRAIN
31,18,1.0579648356784532,1.0827288304392595,TRAIN
31,19,3.885361220031512,3.4388816634295027,TRAIN
31,23,0.9004881774084936,1.0469020637061572,TRAIN
31,24,1.7370077112103666,1.7417397415782903,TRAIN
31,27,0.5557690581130215,0.7422465316153998,TRAIN
31,29,0.7442320360623571,0.9701674261645099,TRAIN
31,32,0.7448721287431421,0.716471368242535,TRAIN
31,33,0.0634328711791477,0.29791258756645544,TRAIN
31,35,1.551697944707808,1.4226448182021774,TRAIN
32,3,2.788589968094147,3.0495037204924373,TRAIN
33,3,1.244920043912454,1.2532544644644605,TRAIN
33,37,1.4926067528741174,1.431030688235445,TRAIN
33,40,1.022753674467964,1.11604199021243,TRAIN
33,41,0.941795726223862,0.9488784156112383,TRAIN
33,44,2.103066625716537,2.067416840354703,TRAIN
33,47,1.5000916313088588,1.766302777883926,TRAIN
34,1,1.6020599913279625,1.4681889371075267,TRAIN
34,37,1.3012253842217083,1.3348572750878553,TRAIN
34,38,3.584331224367531,3.35137976837852,TRAIN
34,39,2.715421396014224,2.629413129787272,TRAIN
34,40,0.606410907095446,1.077780949843213,TRAIN
34,42,-0.9661009401798862,0.5248277949494655,TRAIN
34,43,1.8403357894803336,1.9830727213807855,TRAIN
34,44,2.233847161622068,2.1217111825723043,TRAIN
34,47,1.3991829933301867,1.6749561180268648,TRAIN
36,1,0.8157694159594129,0.9992006709124818,TRAIN
36,3,2.585153794840684,2.607233107051349,TRAIN
36,40,2.619128020078996,2.6579386267058416,TRAIN
36,42,1.8403357894803336,1.9777959954453506,TRAIN
36,45,2.822646495400781,2.088782428529744,TRAIN
36,46,3.4912142003176063,3.1135708779581335,TRAIN
36,47,3.182710732047363,2.9002936567101854,TRAIN
37,3,2.3326040662322964,2.449645340693361,TRAIN
37,38,3.1072099696478683,3.3605718093937162,TRAIN
37,39,4.010299956639812,3.4613509602600545,TRAIN
37,40,2.47618628237055,2.284871934767682,TRAIN
37,41,1.807461552147969,1.7130021478143453,TRAIN
37,42,1.5905719100955196,1.6360763332320645,TRAIN
37,43,3.3479440633957225,3.101777454481279,TRAIN
37,45,2.039719445777308,2.1996207662485774,TRAIN
37,46,3.422717788677691,2.8369092042786903,TRAIN
37,48,2.790700984105096,2.3895251879242863,TRAIN
39,3,2.81630030698894,2.615561222080494,TRAIN
40,3,3.709269960975831,3.5195129772857747,TRAIN
41,3,3.513483956704257,3.269889360642707,TRAIN
42,37,2.2926901488357947,2.373566967098712,TRAIN
42,40,2.2001282226344445,2.184626912872418,TRAIN
42,41,1.7776032446763708,1.702400337004972,TRAIN
42,42,1.4018048018878402,1.4856374634888379,TRAIN
42,43,3.584331224367531,3.355484786065606,TRAIN
42,46,2.7016243191529266,2.66604506001786,TRAIN
42,47,2.6092452484113675,2.4782586368963,TRAIN
42,48,2.4088947629414843,2.0967903659719034,TRAIN
43,39,3.709269960975831,3.108351721114728,TRAIN
43,40,2.356762250347384,2.163806362128,TRAIN
43,42,1.947002624686577,1.8590129383675575,TRAIN
43,44,2.630088714962135,2.6241248808615465,TRAIN
43,46,3.190184204653625,2.769705890054632,TRAIN
43,48,2.5634602063633034,2.21633257405196,TRAIN
44,3,0.8037846101699835,1.0970864056275227,TRAIN
46,3,4.0,3.593270686424754,TRAIN
1,7,1.817767004871492,1.8026286298355676,TEST
1,12,1.2657553869643257,0.8080827105811563,TEST
1,18,0.8126459728437819,1.0867818570552912,TEST
1,20,0.4097468565668261,0.7080226658631076,TEST
1,21,1.6464938424872213,1.6965689851948436,TEST
1,23,0.8217905003599802,1.051982118209155,TEST
1,24,1.0419966958630476,1.07157306649486,TEST
1,28,1.586274097840673,1.3852700864049066,TEST
1,42,0.5970051413473701,0.9972769554048461,TEST
2,3,1.312588285611738,1.2186706157915688,TEST
2,6,1.2339887782299857,1.258948246464604,TEST
2,9,1.0691919817071538,1.1021370336698737,TEST
2,11,0.8091021735322621,0.5685419520983492,TEST
2,13,1.683942475593247,1.8854362972405219,TEST
2,24,1.1463435786811749,1.379148339750167,TEST
2,27,1.117140666422203,0.771291873349979,TEST
2,28,1.387498121785386,1.3330019749542659,TEST
2,33,0.7423034134307751,1.0047885640881375,TEST
2,37,1.4613842639416232,1.3632357603959104,TEST
3,3,0.9030638025340028,0.7493739471691174,TEST
3,8,0.3342131935688118,0.6965442715113757,TEST
3,9,0.4804490941915259,0.6786281580306583,TEST
3,11,0.4210506137020427,0.42575231677186026,TEST
3,13,1.3515614858133842,1.0946818831333354,TEST
3,15,-0.3497423283800842,0.2986572760872425,TEST
3,17,0.6670806799690656,0.6639857377290881,TEST
3,37,1.1448950451451592,1.0509193779789956,TEST
4,1,0.9022416236323028,1.9630715315790352,TEST
4,6,2.1656023725880345,1.9608397022341941,TEST
4,15,1.9463730168245883,1.9247728414770735,TEST
4,20,1.8146600728698188,1.5079682540777466,TEST
4,21,2.574983037305581,2.2523716394204536,TEST
4,28,2.5265080260426718,2.454006918928147,TEST
4,33,1.8651442560450189,1.8932457233558921,TEST
5,6,1.5976698730577923,2.420531754573534,TEST
5,14,2.01005807718128,2.253403877886038,TEST
5,15,1.80932199361308,1.957617655804512,TEST
5,21,2.5587771199465505,2.459977088021008,TEST
5,28,2.743680731780552,2.383728622234973,TEST
5,29,2.2848414351859865,1.653856316248941,TEST
5,33,2.2670475092258333,2.166588835344493,TEST
5,37,2.1018519162644163,1.9758300381632,TEST
6,3,1.131993294689315,1.065424802836643,TEST
6,4,2.3264736253509346,2.745837212490069,TEST
6,18,0.8503201862681276,0.9564592349794405,TEST
6,20,0.91671677572327,0.6136856629957577,TEST
6,25,1.749760132336324,1.9442129558937948,TEST
6,27,0.920629969239672,0.9057687472973311,TEST
6,28,1.3236857648133633,1.394696507808096,TEST
6,31,1.1612795699771183,0.9215228670225736,TEST
7,10,1.2983508388116116,1.6992621524348166,TEST
7,15,0.7893020632083577,1.1537786729191422,TEST
7,19,3.709269960975831,3.3762055807456712,TEST
7,25,1.3617477700544682,1.8526779565125762,TEST
7,26,0.6435779762533451,1.6969938211422533,TEST
8,5,1.1998961753194035,0.9215190406295274,TEST
8,7,1.8403640983673988,1.819852157141691,TEST
8,14,1.0250341835977514,0.8827423730671501,TEST
8,18,0.4733437764307415,0.7476288258530758,TEST
8,37,1.426074105224036,1.377300451090672,TEST
9,11,0.3975052477111646,0.4147874788944107,TEST
9,16,3.2321487063409915,2.9512245874209952,TEST
9,22,2.9311187105752223,2.445276250467675,TEST
9,37,0.3372887661462162,0.9557483332931385,TEST
10,7,2.189884154140873,1.7382578928951977,TEST
10,8,-0.0338161000181882,0.06703905182839025,TEST
10,12,1.102249934168168,0.8011609530350894,TEST
10,13,1.8559218455553,1.7514214428727977,TEST
10,15,0.920431876845079,0.9828004487284402,TEST
10,27,0.8653667192053551,0.8156158418259273,TEST
10,35,1.3492254111406805,1.326792602339378,TEST
11,8,2.355157938424429,2.386441715939196,TEST
11,9,2.2964534988601173,2.2082840214966626,TEST
11,17,2.4122875668422026,2.7928205276497584,TEST
11,32,1.6141115350483557,2.43497467919914,TEST
11,37,2.4384437695220225,2.6370048510081388,TEST
12,4,2.6258150518340497,2.4225409372243267,TEST
12,6,1.383122452268804,1.7030711026275724,TEST
12,17,1.3696122337316667,1.940774124913286,TEST
12,31,1.006318708851302,1.3939844983094858,TEST
13,16,3.709269960975831,3.3085854057558657,TEST
13,21,3.584331224367531,2.8103309232884235,TEST
13,23,2.5131746628736185,2.267105217777373,TEST
13,31,2.2191334097218745,2.4037151963005057,TEST
13,35,2.5671476213153657,2.611055619152225,TEST
14,1,2.3806506446166247,2.4176474943156925,TEST
14,3,2.9995510504984804,3.0217633335714,TEST
14,6,2.9711552281331017,2.85616726821143,TEST
15,3,1.523640288076399,1.3750624735686823,TEST
15,7,2.2716784156234757,2.2937589151981346,TEST
15,8,1.12278264804025,1.335705852915286,TEST
15,13,2.0838283492993765,1.7984357559937494,TEST
15,17,1.4424629101152942,1.579142378396183,TEST
15,25,2.1492427847556077,2.184795380826907,TEST
15,27,1.2739711331931836,1.303519596840554,TEST
15,37,2.2179082670821817,1.5044712614614246,TEST
16,6,1.160750606052476,0.6441431339708449,TEST
16,11,0.5354138057443687,0.28727968731020126,TEST
16,17,0.4168073337283963,1.0158409686246432,TEST
16,22,2.570117420131424,2.824823263447288,TEST
16,26,1.1142669932117084,1.2504050056076372,TEST
17,3,1.9792411590509011,1.559604988386445,TEST
17,10,2.310458272502587,2.490143798662383,TEST
17,11,1.0961412488099418,1.181912547314465,TEST
17,14,1.6918773108865175,1.7411275390161067,TEST
17,17,1.8483826754325667,1.7517542905738124,TEST
18,3,1.144874405858073,0.6759334310336435,TEST
18,7,1.647753275172258,1.1301198243109871,TEST
18,9,0.2367013620550159,0.7111045089221155,TEST
18,10,1.6308887663966996,1.3726422055086287,TEST
18,37,1.5621738633646485,0.9657118543473322,TEST
19,3,1.8402276000830105,2.4516981850257493,TEST
19,11,1.628872263842029,1.2370028207073895,TEST
19,17,2.158865517208281,1.974564608074764,TEST
19,28,2.282470076630429,2.5597954332589197,TEST
19,31,1.9710897797707936,1.9726316617066948,TEST
20,4,2.6623119320265687,3.124010904813798,TEST
20,13,2.153182048512792,2.371638564398109,TEST
20,17,1.6240639750023589,1.2548439003965708,TEST
20,18,1.1992659207293248,1.2923438058428598,TEST
20,22,4.010299956639812,2.8977092374889106,TEST
20,25,2.279573837207298,2.7038776592836236,TEST
20,26,1.7355150153622114,1.8778150020587032,TEST
20,28,1.7542417703217124,1.6932326195583436,TEST
20,30,1.1168984128278725,1.3887419284244098,TEST
20,32,1.029998764930923,1.6223263236737935,TEST
20,35,1.3392129839602869,2.2333433567615626,TEST
21,3,3.18063888689688,2.6797907969203925,TEST
21,5,2.885361220031512,2.5616452846143782,TEST
21,16,3.584331224367531,3.505192279553988,TEST
21,32,1.770494762059855,1.534086106311401,TEST
21,36,1.3647073029176289,1.603964586995538,TEST
22,1,0.5228787452369081,1.7373356997345348,TEST
22,18,0.4908100347865815,1.0842212295167488,TEST
22,37,2.292691745484217,1.4700747922588244,TEST
22,56,0.568201724066995,1.42977976873948,TEST
23,12,0.5381605686496378,0.5696692624314893,TEST
23,17,0.8537025129125366,1.039870721616416,TEST
23,20,0.4602395382136229,0.47704844537310437,TEST
23,21,1.4777529558627986,1.186216714368687,TEST
23,25,1.806489741825652,1.8084376105587705,TEST
24,4,2.3886581738060277,2.3416365303920537,TEST
24,8,0.5715540873580585,0.2692200019305785,TEST
24,13,1.5116588094376506,1.4124020747464732,TEST
24,14,0.9510638879093594,0.7877350478437986,TEST
24,20,0.5203324115360448,0.5828829833068303,TEST
24,21,1.2566045977672613,1.6184130704257675,TEST
24,24,0.6946358887821932,1.0823308946307963,TEST
24,29,0.9446715368888052,0.7500722287458459,TEST
24,37,1.2177470732627935,1.3291687900927254,TEST
25,5,2.7785085474146007,2.5115576296755644,TEST
25,15,2.2082653285745426,2.372639517548988,TEST
25,17,2.887978585975921,3.0095917361031637,TEST
25,33,2.4566884608861232,2.425959642730815,TEST
26,4,3.3113299523037933,2.9983321291216956,TEST
26,6,1.785505645398441,1.6793003302138556,TEST
26,8,1.2474511350419524,0.9575347688233161,TEST
26,10,2.9913819624444318,2.669993800490188,TEST
26,11,1.5933467186568535,1.2586484794384167,TEST
26,12,1.8075453743013492,1.6573002656928024,TEST
26,18,1.53681900836896,1.6827526708222122,TEST
26,23,1.2751832136985095,1.9421593101350831,TEST
26,26,2.5446461213340767,2.350896553045343,TEST
26,29,1.384173720829773,1.0716488232775954,TEST
26,33,1.360694907343578,1.7881718819151,TEST
26,36,1.4416188404409491,1.9154778409727273,TEST
27,1,3.4216039268698317,2.398245773613435,TEST
27,10,2.873864732304265,2.898570238537524,TEST
27,13,2.270455976124138,3.057707124921865,TEST
27,30,2.248478428904893,2.277238649425161,TEST
27,32,2.136857028303696,2.268770321888593,TEST
28,9,1.427533001928914,1.5577756007955306,TEST
28,13,1.7443291598329915,1.8912121197493832,TEST
28,23,0.3839868748415106,1.8363361600895052,TEST
28,28,1.8506148235915283,1.9958670742724702,TEST
28,36,1.510399246706866,0.7069195984206865,TEST
29,4,2.2394891820746103,2.4324879162510147,TEST
29,6,0.955891114540386,0.9527412213429799,TEST
29,21,1.3715448652764546,1.4967838096658572,TEST
29,27,1.303974376272615,0.7793326273005975,TEST
29,35,0.9159956869487662,0.9129212549886292,TEST
29,37,1.1028544587058955,1.3967376595482062,TEST
30,30,1.5718980463388208,2.118040437102495,TEST
30,33,0.6399219834597373,1.9830744159018703,TEST
30,37,2.8471385816648294,2.4435393639647787,TEST
31,5,1.624195848354401,1.7586524271663895,TEST
31,9,0.4449672437494009,0.9032858711062886,TEST
31,11,0.7759291121726216,0.560596950005506,TEST
31,14,0.4340760021243284,1.079493391753033,TEST
31,16,1.0075680388849992,2.1169797396201466,TEST
31,17,2.0103712611764526,1.3514136721864993,TEST
31,25,2.148108009150059,2.0570955408946276,TEST
33,39,3.199964022950016,2.354316865043612,TEST
33,46,1.5341341714903955,1.4466196953454171,TEST
34,3,0.9518682729549712,1.8610990337783508,TEST
34,46,1.338488754310622,1.635687203478952,TEST
34,48,1.1130433730746006,1.6727292303862076,TEST
36,41,2.4725757582433103,1.3575632692787318,TEST
37,37,3.001819784560039,2.372633365472197,TEST
38,3,2.7578278307736124,2.008835453519958,TEST
42,39,3.798211044337745,2.8642945952335537,TEST
42,44,3.3066420712202915,2.7920062151211154,TEST
43,37,2.658553210772513,2.271623525616053,TEST
43,43,3.505149978319906,2.6965133953532883,TEST
43,47,3.069718159227601,2.395040523303023,TEST
45,3,4.0,2.831230613850928,TEST
