name,acyl_chlorides,num_Hs,IP,EA,HOMO,LUMO,global_E,global_N,hardness,BV_main_1,SA,SV,PYR,DISP_mol,DISP_atom,Charges_main_atom,fukui_E_main_atom,fukui_N_main_atom,BV_secondary_1,BV_secondary_2,L_main_atom_1,L_main_atom_2,B1_main_atom_1,B1_main_atom_2,B5_main_atom_1,B5_main_atom_2,Charges_secondary_1,Charges_secondary_2,fukui_E_secondary_1,fukui_E_secondary_2,fukui_N_secondary_1,fukui_N_secondary_2,BV_secondary_avg,L_avg,B1_avg,B5_avg,Charges_secondary_avg,fukui_E_secondary_avg,fukui_N_secondary_avg,FCS_1,FREQS_1,FCS_2,FREQS_2,FCS_avg,FREQS_avg,BV_Hs_avg,Charges_Hs_avg,fukui_E_Hs_avg,fukui_N_Hs_avg
01_acid_chloride.sdf,1,0,9.735170273345922,5.824016730291535,-0.4391954920379585,-0.3166862377287412,1.6382660074793458,-9.735170273345922,3.911153543054387,95.58836408696877,302.54911428652787,429.80403532152945,3.077519161637759e-05,17.362526692072887,23.62539798211419,0.2998544971362415,0.0550234103559049,-0.0007569145756731,49.14392200009191,112.71296099478378,3.958943896310773,7.436854660566813,1.75,1.7236219200138334,6.365429216586141,3.4105830939941035,-0.1767996453989701,-0.0078105595941273,0.1856635818115301,0.0470620374759706,0.2883470124832443,0.0501814027367071,80.92844149743784,5.6978992784387925,1.7368109600069168,4.888006155290122,-0.0923051024965487,0.1163628096437504,0.1692642076099757,1.7693493665158644,579.7694647412732,4.199618679856111,1089.943997216866,2.9844840231859875,834.8567309790697,,,,
02_acid_chloride.sdf,2,0,9.494407494044768,5.5375774437240555,-0.4312384527315878,-0.3065472054633571,1.4733087052594136,-9.494407494044768,3.956830050320713,95.50155400064683,292.2202085510424,412.1648596206143,0.0001198630628928,17.264770547452798,23.50274341349565,0.2987426555431631,0.0565196553611229,0.0029094176113433,49.10522352787612,112.66694118998662,3.9601172807307266,6.842687663879651,1.75,1.722758321063413,5.796018377000163,3.416252396997536,-0.1864602323235008,-0.0046863794992626,0.1859473916108459,0.0462802491753558,0.2739248693477524,0.0338285130665325,80.88608235893136,5.401402472305189,1.7363791605317065,4.606135386998849,-0.0955733059113817,0.1161138203931008,0.1538766912071424,1.7429393544123126,575.4262619464533,4.138483886158493,1081.9816335461708,2.940711620285403,828.703947746312,,,,
03_acid_chloride.sdf,3,0,8.805552090003472,5.477977176131649,-0.4199113085167811,-0.2996315625411339,1.3621175493540238,-8.805552090003472,3.327574913871823,95.4764522889393,386.4201065625515,589.1893276068903,0.000853500066349,17.891916666970953,24.089375565248073,0.2982639344027135,0.0549696866273287,-0.0016495822141763,49.069662769623775,112.49645873130623,3.9652467766119295,8.952860100255888,1.793446230817782,2.9826454406732696,8.145739926205481,3.5036842689943226,-0.1960400310359266,-0.0100846925684506,0.1774972891649769,0.0423013967590309,0.2086009278679116,0.0392739132810391,80.78306075046501,6.459053438433909,2.388045835745526,5.824712097599901,-0.1030623618021886,0.1098993429620039,0.1239374205744754,1.7210082996221256,571.7945651855177,4.193741517109299,1089.1810683108588,2.957374908365712,830.4878167481883,,,,
04_acid_chloride.sdf,4,0,9.943454820645409,6.108569333489354,-0.4438808464808701,-0.3261611069844274,1.808210947040602,-9.943454820645409,3.834885487156055,98.84949479964006,309.3484063017477,443.59484314880183,0.0023400695086567,17.339293847238736,23.560850507311613,0.306844782573698,0.0499070303023218,-0.0008386949862597,49.43363758938311,117.54504049848532,3.965227448558444,7.460053977889085,1.75,1.733697859907434,6.466949268800624,3.8493184321458127,-0.1763548422582778,-0.0243616063677046,0.1808265088852499,0.0490310409704353,0.2950632699089454,0.0442049616795629,83.48933904393422,5.712640713223764,1.741848929953717,5.158133850473218,-0.1003582243129912,0.1149287749278426,0.1696341157942541,1.7375475080244442,574.5355214763242,4.240214919374844,1095.199380276698,2.988881213699644,834.867450876511,,,,
05_acid_chloride.sdf,5,0,10.09374834363926,6.34677435221987,-0.4493670745272198,-0.3327421378761026,1.955565044753888,-10.09374834363926,3.7469739914193902,95.44089153068694,346.8375291820813,508.9601307719517,8.40359093799097e-05,17.390859638757533,23.726585069608433,0.2992682891285901,0.0477933232689637,0.0056579635965952,49.17843685368978,112.68053795049488,3.951424985948624,8.245506870576657,1.75,2.095466835797939,7.59081623694821,3.4139544989267177,-0.1590839310920908,0.0052729836257383,0.1775545863746161,0.0505902744776281,0.2787713486575074,0.0270458155596568,80.92948740209233,6.09846592826264,1.9227334178989697,5.502385367937464,-0.0769054737331762,0.1140724304261221,0.1529085821085821,1.827312317394528,589.1894090798655,4.052805652373048,1070.723029060479,2.940058984883788,829.9562190701721,,,,
06_acid_chloride.sdf,6,0,8.443897311513478,5.938331473229036,-0.4066524743035475,-0.3046506252153744,1.5462634327738898,-8.443897311513478,2.5055658382844417,95.52665571235435,405.77136268566505,613.7637784876339,0.0012046322536321,18.98492869794327,24.100102463073423,0.2983174191458545,0.0408597758910297,-0.0022427323646643,49.11149895580301,112.63765585966117,3.961763698720117,11.148122695522035,1.75,2.160932659609031,9.558446434923336,3.6086604933799977,-0.1923288306811087,-0.0084849893395344,0.1469026734076831,0.0371272603724722,0.1817855526922862,0.040154532953755,80.87457740773209,7.554943197121076,1.9554663298045152,6.583553464151667,-0.1004069100103215,0.0920149668900776,0.1109700428230206,1.738252580777514,574.6520789383261,4.154508696872795,1084.0744046455466,2.9463806388251546,829.3632417919364,,,,
07_acid_chloride.sdf,7,0,9.42768283679316,5.832122170980047,-0.4266570643632658,-0.3148012763740982,1.6058543412937192,-9.42768283679316,3.595560665813113,96.36965486386592,280.60950324574554,391.2832682934451,0.0,17.62490841284548,23.97528274041729,0.2976378142115953,0.0470093684040326,-0.0035391276229994,48.57808758201778,114.11447323178814,3.952894852729909,6.209599653887108,1.75,1.7765021082095145,5.7676646767601,3.3911919544176357,-0.1802599438196691,-0.0108251835051163,0.1720502229930061,0.0096644394234817,0.2641652296790281,-0.0023991616661342,81.34628040690296,5.081247253308509,1.7632510541047572,4.579428315588868,-0.0955425636623927,0.0908573312082439,0.1308830340064469,1.8088806523795633,586.210371065146,4.55791810718174,1135.4879072666847,3.1833993797806515,860.8491391659154,,,,
08_acid_chloride.sdf,8,0,8.553724573340098,5.923258670579005,-0.4033139933691262,-0.3066609884435081,1.550796851263566,-8.553724573340098,2.6304659027610926,95.50259990530132,357.3610150372465,531.7106316107589,0.0005833161681974,18.59550632132413,23.77190319069019,0.2983021059021826,0.0402082981258132,-0.0030218650712494,49.20981399332422,112.95665677927782,3.9611402761796226,8.88015928465656,1.75,1.7316236516173047,7.051162881346558,4.773110038942665,-0.1900955204122715,-0.0078248098250228,0.1533035490886119,0.0383051474042202,0.1895996416463583,0.0326262953592727,81.08323538630103,6.420649780418092,1.7408118258086525,5.912136460144612,-0.0989601651186471,0.0958043482464161,0.1111129685028155,1.7416541068788745,575.2140624882412,4.1411751203272225,1082.3333798357942,2.9414146136030483,828.7737211620176,,,,
09_acid_chloride.sdf,9,0,8.77203421892489,5.372598328306716,-0.4087156060389034,-0.2969638900516453,1.3107943654442828,-8.77203421892489,3.3994358906181743,95.52665571235435,336.03952961647286,487.06393225155045,0.0,17.3702308630827,23.75465570856386,0.2983059405301662,0.0566444999885472,-0.002600969908652,49.0466528672252,112.56653434315646,3.9674580077679926,8.85894219885136,1.75,1.8617516466082755,7.227273170771147,3.4380725620909893,-0.1991981858438892,-0.01771456041578,0.1796763138976249,0.0407444424780387,0.2284979938552647,0.0578229020458037,80.80659360519083,6.413200103309676,1.805875823304138,5.332672866431068,-0.1084563731298346,0.1102103781878318,0.1431604479505342,1.7015656597391349,568.5555416313427,4.34731188446593,1108.9440975731827,3.0244387721025325,838.7498196022627,,,,
10_acid_chloride.sdf,10,0,9.5849477922743,3.8065605775135345,-0.4276523516333739,-0.2794838570791175,0.8591755908126308,-9.5849477922743,5.778387214760764,107.76583197908934,276.9689595972525,392.6017755339238,0.0001779023658183,15.392555906943167,24.921224015215792,0.3003581293822063,0.1437937133837622,0.0166438727173097,54.24479899999505,116.7595661029702,3.977103023915181,4.6257246252268835,2.084065690043365,2.8609070169749233,4.4632798136410035,3.41149523448273,-0.1946452989471551,0.0187489256955087,0.2768630897725784,0.0084481636092151,0.2886588180452937,0.0308228708264383,85.50218255148263,4.301413824571032,2.472486353509144,3.937387524061867,-0.0879481866258231,0.1426556266908967,0.159740844435866,1.5979790324479015,550.9777726252804,3.421453593476272,983.7949330174832,2.5097163129620865,767.3863528213817,,,,
11_acid_chloride.sdf,11,2,9.387623819356188,3.855267056598569,-0.4330121987027013,-0.2825634307565882,0.8492165233193154,-9.387623819356188,5.532356762757619,94.89074568243002,291.8486171927082,407.32534253462546,0.0008438496468695,15.367441607446288,22.847342685180248,0.3077482595895223,0.1480813789571861,-0.0005032701188934,49.67314975525923,84.4798107517276,3.973457476882859,4.960576069412507,1.75,1.7746133595989722,6.157923381627422,5.799860228723102,-0.1909739842977174,-0.0854946487849155,0.2834373864297889,-0.0299312978436571,0.2247191582646616,-0.011614011810999,67.07648025349341,4.467016773147683,1.7623066797994862,5.978891805175262,-0.1382343165413165,0.1267530442930658,0.1065525732268313,1.659646447281572,561.5084950476843,3.9359413900889018,1055.1727473283045,2.7977939186852367,808.3406211879944,73.45859046,0.082593081,0.085294764,0.057636851
12_acid_chloride.sdf,12,0,9.224154572113212,5.938430473122525,-0.4262875802985013,-0.3152707810365376,1.6360602883832471,-9.224154572113212,3.2857240989906877,95.46494733774,318.68984623803664,457.7857262088903,0.0019651277645872,17.954529553976332,23.717153624441345,0.2994172834838103,0.0514889029244463,-0.0016734761115623,49.176345044380824,112.63870176431566,3.955487463263038,8.136044670896027,1.75,1.7501011934308883,7.009594681462264,3.414990823230252,-0.1759808149942749,-0.0063504239746633,0.1758270542697562,0.0458252640741144,0.2412019757015417,0.0475969649518356,80.90752340434824,6.045766067079533,1.7500505967154445,5.212292752346258,-0.0911656194844691,0.1108261591719353,0.1443994703266887,1.7792779659155786,581.3938601726248,4.124600512161262,1080.1652467398733,2.9519392390384205,830.779553456249,,,,
13_acid_chloride.sdf,13,2,8.85851344888711,3.739391341866568,-0.4234078207479849,-0.2791391173349621,0.7537793721887048,-8.85851344888711,5.119122107020541,93.6848176158136,350.54893300810386,506.86788593883455,0.023079706177226,15.823427726904754,23.577408427109507,0.3065579330495492,0.1519641206082453,-0.0008384678746793,43.09022585995673,85.25273429138893,3.975754852109121,5.296451355304051,1.75,1.976998464072796,4.251280618416894,7.7419563895063614,-0.201666712303999,-0.0867072970744231,0.2795823381204076,-0.035987576485978,0.2066291267143515,-0.00750635629954,64.17148007567283,4.636103103706586,1.863499232036398,5.996618503961628,-0.1441870046892111,0.1217973808172148,0.0995613852074057,1.6466493259945914,559.3055142958019,3.923360968866465,1053.4850771365411,2.785005147430528,806.3952957161715,76.30606588,0.089801785,0.09910709,0.039872704
14_acid_chloride.sdf,14,3,10.643308020206224,3.768034085821315,-0.4375405082309664,-0.2839842579205682,0.9757447240540148,-10.643308020206224,6.875273934384909,78.83715514080338,208.14850389162223,261.20758343439536,0.0008540198688233,13.86881652054548,19.985905003755924,0.312364962142346,0.1526151698548913,0.016472391829962,42.93438606643908,48.659668145067286,3.969789537281715,3.5914951357614275,1.75,1.791140433886336,3.21118704308146,3.4294273864193894,-0.1891238519418599,-0.1463072264648048,0.2906144660106105,-0.0619839005489509,0.450793843992484,-0.0011848102336816,45.79702710575319,3.7806423365215713,1.770570216943168,3.3203072147504247,-0.1677155392033323,0.1143152827308297,0.2248045168794012,1.7115892732028744,570.2277112195463,4.237328469636575,1094.8265482154964,2.9744588714197246,832.5271297175213,55.96914714,0.099930105,0.10726535,0.09984269
15_acid_chloride.sdf,15,0,9.828525249366518,6.036628424123832,-0.4431044606275673,-0.3220386551143302,1.7571080978468463,-9.828525249366518,3.791896825242685,95.45553419584968,362.8870704363742,534.4545025903165,0.0002929300379323,17.429269491118674,23.6143527879619,0.300072907519298,0.0523405859321835,-0.0008383974209836,49.13555476285607,112.63451814569773,3.9571187288056096,9.52786345972315,1.75,2.067710398417597,7.991667642198727,3.763649843358448,-0.1704219686180677,-0.0054303753599216,0.1812612618010562,0.0471532536363347,0.2841590519605754,0.0520708442271254,80.88503645427689,6.74249109426438,1.9088551992087983,5.877658742778587,-0.0879261719889946,0.1142072577186955,0.1681149480938504,1.7856076393391742,582.4270787788938,4.199584496394207,1089.939561321876,2.9925960678666907,836.183320050385,,,,
16_acid_chloride.sdf,16,0,8.508559848335487,5.920176941584624,-0.4016304314576983,-0.3070442534036125,1.54398901591251,-8.508559848335487,2.588382906750863,101.37849225417476,351.8411787242,525.7257514366407,0.0036125995599726,18.783436389440652,25.4870886500132,0.2995433830424394,0.0363903877677849,-0.0034513751543393,49.35101112167912,120.56038361735362,3.969728290157627,6.963675750890612,1.7535275842251337,1.909989384050421,5.946939465509725,5.741988389027213,-0.1958474572417246,-0.0129320424995282,0.14690894575159,0.0406802074992559,0.1821460451454668,0.0470994632968822,84.95569736951637,5.46670202052412,1.8317584841377772,5.844463927268469,-0.1043897498706264,0.093794576625423,0.1146227542211745,1.666671368948496,562.6956117079067,4.035650749331376,1068.4545229982157,2.851161059139936,815.5750673530611,,,,
17_acid_chloride.sdf,17,0,9.320545466796982,6.538965831742342,-0.4265481786042918,-0.3316003474363062,1.987809975880121,-9.320545466796982,2.7815796350546407,95.48481952617514,378.2073482419041,566.2700391772983,0.0086034180942858,18.310863422945804,23.78288278680356,0.2991143379920179,0.0395311127200834,-0.0002876402245068,49.15124333267328,112.82173507884978,3.953956127515301,9.566275697801366,1.75,1.8581591720862032,8.357401564950246,4.208451689279743,-0.1622879658003848,0.0027949773523122,0.156366962119288,0.0449219930596889,0.2251866985955761,0.0211840097844441,80.98648920576153,6.760115912658334,1.8040795860431016,6.282926627114994,-0.0797464942240362,0.1006444775894884,0.1231853541900101,1.8068902091518189,585.8877572923252,4.0010548337758305,1063.8649628940557,2.903972521463825,824.8763600931903,,,,
18_acid_chloride.sdf,18,0,9.093962264893754,5.469926001641949,-0.4222560807725881,-0.301014124976704,1.3936975802954827,-9.093962264893754,3.6240362632518055,95.56849189853362,321.48016248887814,462.19074109959377,0.0,17.410119269634052,23.75888567676158,0.2984413817288319,0.0555798723304178,-0.001821282516744,49.032010202062466,112.5309735849041,3.963560997044213,7.880693177823011,1.75,1.901223064305148,7.031923363623319,3.411214141388296,-0.1940161313655639,-0.0102571994387336,0.179858392170935,0.0429553021664025,0.2483252023429288,0.054149564807967,80.78149189348329,5.922127087433612,1.825611532152574,5.221568752505807,-0.1021366654021488,0.1114068471686687,0.1512373835754479,1.7248108731687408,572.4259076338438,4.204285474239819,1090.5494250665135,2.9645481737042796,831.4876663501786,,,,
19_acid_chloride.sdf,19,0,9.11251887950193,6.08647946561271,-0.4282828361395899,-0.3168896465230157,1.701982311991998,-9.11251887950193,3.0260394138892206,102.60115479526289,340.2095755836553,498.5589962484232,0.0005343807657447,18.702934543355543,25.825508459326183,0.3079138263586156,0.0466949330279381,-0.005963366532037,49.49639186865197,121.59582922528968,3.954689480215364,8.154632545019027,1.7978292298095335,1.9897882023404951,7.189967679074045,4.5088997105103985,-0.165233658293936,-0.0144071919295488,0.1723636769044154,0.0467627648988626,0.1964825988904604,0.0456568759394342,85.54611054697082,6.054661012617196,1.8938087160750143,5.849433694792221,-0.0898204251117424,0.109563220901639,0.1210697374149473,1.7875462074172723,582.7431527683601,3.993979540686015,1062.923900180139,2.890762874051644,822.8335264742495,,,,
20_acid_chloride.sdf,20,0,9.868364311454702,5.463332620597539,-0.4349097088929947,-0.3107619970625971,1.485642950768314,-9.868364311454702,4.405031690857163,92.57825049137284,269.63921432672066,368.1842552482288,0.0001811790942363,16.24902953515629,22.145068825733503,0.2931759279548695,0.0660003447180799,0.0021436571120165,47.86896422627975,106.00662035025256,3.945597254397544,6.061676729192685,1.75,1.720643818406075,5.55738163064882,3.3813647970877083,-0.1523998251559264,0.0937291948247007,0.2039690241864557,0.0350982661681498,0.3301549948501152,0.0633212728317065,76.93779228826615,5.003636991795115,1.7353219092030376,4.4693732138682645,-0.0293353151656128,0.1195336451773028,0.1967381338409109,1.910442070891974,602.4423271504941,4.870229042491709,1173.7455198078453,3.3903355566918414,888.0939234791697,,,,
21_acid_chloride.sdf,21,1,8.727714777950235,4.680331277897677,-0.4091472275770377,-0.2806002798308422,1.0303816407729909,-8.727714777950235,4.0473835000525575,105.57570763260642,366.4299557994757,551.9980637499236,0.0073833832753477,17.872845589997596,25.743134526303542,0.3046436033749418,0.072999961888416,0.0031643367585491,51.861182292433185,123.4460345590663,3.967331631816274,5.673242405692827,1.9597183833297904,2.171117462305155,7.191712144579457,6.182744119058514,-0.1905522010435342,-0.0421898152825942,0.176157557898212,-0.0107368508839136,0.1747169171638248,0.008008188267059,87.65360842574975,4.82028701875455,2.0654179228174723,6.687228131818985,-0.1163710081630642,0.0827103535071492,0.0913625527154419,1.7156000671522686,570.8954320413404,3.5488078572216346,1001.937190937929,2.6322039621869515,786.4163114896347,103.4734393,0.078601679,0.057499568,0.041749363
22_acid_chloride.sdf,22,1,8.924476800758665,3.851915910336829,-0.426671572557224,-0.2792761171985604,0.7925939212225999,-8.924476800758665,5.072560890421837,111.8595027967274,362.7188519995247,542.3934384505309,0.002525768778499,16.36496606413855,29.18900774088526,0.306841186961069,0.145850188977187,-0.0005517870270946,58.694077400156594,115.81197648601056,3.9763828131035406,4.836592568482626,2.353073836745672,2.450060513662923,7.05454268079966,6.658746287770974,-0.1935346488680867,-0.0382470445971414,0.2783090472754863,-0.008590747370382,0.1542736748238317,0.0027781306089472,87.25302694308358,4.4064876907930834,2.4015671752042977,6.856644484285317,-0.1158908467326141,0.1348591499525521,0.0785259027163894,1.6216027938475823,555.0355272345207,3.664797616224718,1018.1792747250624,2.64320020503615,786.6074009797915,95.98685376,0.069867779,0.064092225,0.047409879
23_acid_chloride.sdf,23,0,9.03271830507394,5.417692027837645,-0.4187193202604491,-0.2998833212215087,1.3627882543503569,-9.03271830507394,3.615026277236295,101.51445985925729,312.92052241045656,453.2693298740072,0.0094534106169036,17.554647668575186,25.014061274392713,0.2986584257933708,0.0555115220296472,-0.0014355516788899,49.36460788218738,120.33865183060368,3.974471457710424,6.8511803416648185,1.75,1.83628744218154,5.917337887811197,4.473631594967336,-0.2017635594251053,-0.0156329630999185,0.1802480846131804,0.0417786046299703,0.2313343827310663,0.0281883758231046,84.85162985639553,5.412825899687621,1.79314372109077,5.195484741389267,-0.1086982612625119,0.1110133446215754,0.1297613792770854,1.645910430681929,559.1800125912655,4.058307624704713,1071.4495739467693,2.852109027693321,815.3147932690174,,,,
24_acid_chloride.sdf,24,0,9.026761682529152,5.4944810503587584,-0.423040677438368,-0.301279481960817,1.396621903258726,-9.026761682529152,3.5322806321703935,95.5632623752612,349.05005640525275,510.94892610565654,0.0002170730319579,17.388354800928862,23.93122537179648,0.2984885701623867,0.0550061055409741,-0.0013141848836261,49.03933153464383,112.61673776657156,3.964296251994144,8.89828808340619,1.75,1.727805104336097,7.730653869088062,3.4482274216906337,-0.1942788452244236,-0.0097443227559566,0.1788516397826727,0.0429326867446971,0.2328303849118359,0.0421096156650425,80.82803465060769,6.431292167700167,1.7389025521680486,5.589440645389348,-0.1020115839901901,0.1108921632636849,0.1374700002884392,1.718699599166321,571.4109106168777,4.193030057284202,1089.0886757018477,2.9558648282252613,830.2497931593625,,,,
25_acid_chloride.sdf,25,2,8.313880417516694,3.9098096033866994,-0.4160369298398141,-0.2831717139919318,0.7355390993519776,-8.313880417516694,4.4040708141299945,89.02322057079243,499.7484464923034,758.0405243425269,0.0151279002233496,16.626497415054246,22.86837045941798,0.3061252401628495,0.1451021772243019,0.0004067542154301,47.34392008973037,85.36150837545496,3.9736132402458586,12.04159075306345,1.75,1.8820996897347655,12.439532393168989,6.788461463910817,-0.1911716504161082,-0.0852804291119866,0.2808134220069397,-0.0296541423181483,0.1387432360442019,-0.0019298939501143,66.35271423259266,8.007601996654653,1.8160498448673827,9.6139969285399,-0.1382260397640475,0.1255796398443957,0.0684066710470437,1.6736028547070427,563.8644893479092,3.974307255161342,1060.3029610896629,2.823955054934192,812.083725218786,77.53134318,0.082178651,0.083078136,0.022164931
26_acid_chloride.sdf,26,1,9.778658618890368,3.863389515297665,-0.4311306108592759,-0.2830381171492487,0.8987144317523187,-9.778658618890368,5.915269103592703,98.28575219087487,259.85851898264883,354.44528779438275,0.0001785007461658,15.04241917854013,24.02337779633995,0.3027350285773096,0.1446068894648467,0.0158941582462429,53.55554783269216,97.75234081708965,3.9728828294764313,4.652810284496481,2.0846053175405204,2.266526585998159,4.4399431163586325,3.4118718002373702,-0.1863697910281698,-0.0267660809402144,0.2837554249194268,-0.0057029413893925,0.2883664735933816,0.0166993149858389,75.6539443248909,4.3128465569864565,2.1755659517693395,3.925907458298002,-0.1065679359841921,0.1390262417650171,0.1525328942896103,1.638272707366579,557.8810875942531,3.719338680561989,1025.727780209996,2.678805693964284,791.8044339021245,81.04505987,0.072304633,0.067178134,0.096969179
27_acid_chloride.sdf,27,1,8.904992302213655,6.074389619298847,-0.416068075291615,-0.3165945040693087,1.6720519709157124,-8.904992302213655,2.830602682914808,86.81426994052886,345.5805012092623,499.1462922497422,0.0,17.702790122317964,22.207675818869397,0.2998728931784141,0.0388977722046116,-0.0006929774579152,48.410742837300845,90.66947449694528,3.9692513020470814,9.0801055394042,1.75,1.7009930193201424,8.503888914727124,4.553236492661996,-0.2005379967294521,-0.0598409844811149,0.1478661914477397,0.0390323953699054,0.2276645700180672,0.050108205326278,69.54010866712306,6.524678420725641,1.7254965096600712,6.5285627036945595,-0.1301894906052835,0.0934492934088225,0.1388863876721726,1.6750490492687424,564.1080601772625,4.4501028528299065,1121.9778387499523,3.0625759510493245,843.0429494636073,80.52629116,0.08032682,0.068075947,0.056686685
28_acid_chloride.sdf,28,0,9.310984586424068,6.124868406067375,-0.4256467995984616,-0.321646498975278,1.7452590308149618,-9.310984586424068,3.1861161803566933,95.49423266806546,324.74127697921693,469.0369962472451,0.0004199251740512,18.71631295923035,23.781078329491137,0.299012572457202,0.0497120937214366,-0.001073513342366,49.12091209769334,112.64393128758805,3.9559709466101607,8.376426721226428,1.75,1.8347872465036497,7.228628933033116,3.4179058502917052,-0.1740645782351878,-0.0049353536003301,0.1747862010283759,0.0471866371034763,0.2450746643846317,0.0434425083845052,80.88242169264069,6.166198833918294,1.7923936232518247,5.3232673916624105,-0.0894999659177589,0.1109864190659261,0.1442585863845685,1.7827835067874678,581.9663106547781,4.14860964530476,1083.3044841819835,2.9656965760461143,832.6353974183808,,,,
29_acid_chloride.sdf,29,0,8.33596813476103,5.586349206123923,-0.3999756807664466,-0.3025653446237399,1.355708093810835,-8.33596813476103,2.7496189286371076,95.76303016426704,417.2190258868022,631.5778209169638,0.0018097049496759,17.75343047863829,24.587236597779153,0.2995470447546002,0.0552925103066516,-0.0029448687878371,49.48174920348924,114.59035984957691,3.962951190738459,8.809784916403927,1.75,1.9785864608866437,7.572745397923871,5.615385817804869,-0.1914038013459842,-0.0153504383894051,0.1755175190082979,0.0408863443924662,0.1399959927859022,0.0319796048589359,82.03605452653308,6.386368053571194,1.8642932304433215,6.59406560786437,-0.1033771198676946,0.1082019317003821,0.085987798822419,1.7305205587605128,573.3725828988975,4.142308295227253,1082.4814524351796,2.936414426993883,827.9270176670385,,,,
30_acid_chloride.sdf,30,0,9.94568161886688,7.155102114922046,-0.4537305921364658,-0.3545045990399246,2.458229569343827,-9.94568161886688,2.7905795039448336,95.39277991658084,332.836517724505,483.6153818033006,0.0019577436845167,17.67815751736945,23.686985651197837,0.2997252054054021,0.029774848765668,0.0041521743225953,49.25897151208481,112.71400689943826,3.946332497061721,8.259273982071527,1.75,1.7226563285144292,7.558711448669007,3.4101866258124174,-0.1533456317228425,0.0071444147921221,0.1393842792520791,0.0445767276831804,0.2587206286339151,0.0236731845582165,80.98648920576153,6.102803239566624,1.7363281642572146,5.4844490372407115,-0.0731006084653602,0.0919805034676298,0.1411969065960658,1.873793967721079,596.6360063465141,3.9995917838415593,1063.6704354577423,2.9366928757813193,830.1532209021284,,,,
31_acid_chloride.sdf,31,0,8.569778153682238,3.9178571447808896,-0.41460711483891,-0.2781874491273848,0.7685180522662652,-8.569778153682238,4.651921008901349,107.67379236949502,351.8185241134156,547.7172106875457,0.0,17.488239795732625,27.03065878770308,0.2976353204694456,0.1406960212345074,0.0001656705654479,54.05967387615193,139.40758549109864,3.979994527314221,6.71654037323563,2.0820020476156467,3.2498131819343343,6.410490444068596,3.6530961084203537,-0.2009221243839066,0.0094528716228489,0.2665474579703152,0.0035189053251324,0.1543021230321005,0.0147325332228496,96.73362968362528,5.348267450274926,2.6659076147749907,5.031793276244475,-0.0957346263805288,0.1350331816477238,0.084517328127475,1.585710651170096,548.8586492182153,3.532929674998576,999.6932294555054,2.559320163084336,774.2759393368603,,,,
32_acid_chloride.sdf,32,2,8.943129276900104,4.709583674800695,-0.4109374139705383,-0.2840621431829238,1.0677598364025136,-8.943129276900104,4.233545602099409,95.25995002546176,321.2098665472403,464.3381309744845,0.0041111262308455,17.496449179475686,24.26517546055614,0.3097454000801615,0.0749081671219275,0.0056100039690719,52.171815974813995,91.77394981207708,3.961925704878652,5.285785853606438,1.75,1.7515562755092462,7.211367854557134,6.124691010268462,-0.180923352391729,-0.0889867674309009,0.1828159015541001,-0.0251277680064239,0.1917168493517923,-0.0067063006717264,71.97288289344553,4.623855779242545,1.7507781377546232,6.668029432412798,-0.1349550599113149,0.0788440667738381,0.0925052743400329,1.7446081736731054,575.7016739036349,3.7334437774071607,1027.6709077234136,2.739025975540133,801.6862908135242,78.54168708,0.086036113,0.066597642,0.063392353
33_acid_chloride.sdf,33,1,9.230579744519517,3.800921203182498,-0.4269810729685125,-0.2785142871680151,0.8150624300050034,-9.230579744519517,5.429658541337019,110.52911207622776,307.58918406161905,443.90697964897674,0.0211421151748759,15.842543052648349,26.95486072294697,0.3075706115058673,0.1470856896622633,0.0002322942126137,49.39389321251283,115.7387631601969,3.9779947620275062,4.628128632819795,2.3547955654938986,2.717693360256081,5.025117519879174,4.587400527391949,-0.2033619627692615,-0.0395357886554071,0.2749880454194798,-0.0120079995253735,0.2203412336680987,0.0047666908303244,82.56632818635487,4.303061697423651,2.53624446287499,4.806259023635562,-0.1214488757123343,0.1314900229470531,0.1125539622492115,1.607017280091898,552.5337541794473,3.6491888349514543,1016.0086915965018,2.6281030575216766,784.2712228879745,95.51201305,0.074969174,0.078240634,0.049418637
34_acid_chloride.sdf,34,0,9.924597547973397,5.630957483034576,-0.4444190845327923,-0.3075378814191754,1.5686417647093076,-9.924597547973397,4.2936400649388204,108.92887795487204,337.0176930403921,500.8273121668837,0.0737319370608871,17.512539749418092,26.964925557038363,0.3064352050350071,0.0482440772398573,0.0077108559027237,59.50883712599719,127.22907169432357,3.946087442192056,6.855686961587944,2.1792124971193747,2.3678842158831515,5.97483354166296,4.944000339413501,-0.1401609145838071,0.0070469499951939,0.1803757089233406,0.0532090608355192,0.2824582371404962,0.0335888350891115,93.36895441016036,5.40088720189,2.273548356501263,5.4594169405382305,-0.0665569822943066,0.1167923848794299,0.1580235361148038,1.8474466574708208,592.4265241886268,3.9340632231424095,1054.92096168716,2.890754940306615,823.6737429378934,,,,
35_acid_chloride.sdf,35,2,8.748661589479784,4.608775265714014,-0.4024038701449569,-0.2834557992415699,1.0077547546471677,-8.748661589479784,4.13988632376577,100.37860740449106,342.2599452807136,508.06822842827194,0.0024555089996107,17.611354735525683,25.4063161540309,0.3085664355276823,0.0775718467088147,-0.0034284573293568,53.01690693563452,90.56592993615168,3.972553549281886,4.695990427375959,1.75,1.7643538235092038,6.729894994144647,7.17007934724041,-0.1897362200949467,-0.0809630512208869,0.1849937955252115,-0.0214284233508122,0.1769659088235075,-0.003212105536329,71.7914184358931,4.334271988328922,1.757176911754602,6.949987170692529,-0.1353496356579168,0.0817826860871996,0.0868769016435892,1.6763516147866986,564.3273507453497,3.918310206986552,1052.8067536419924,2.7973309108866253,808.5670521936711,77.78549801,0.083433508,0.059224957,0.043978699
36_acid_chloride.sdf,36,1,9.338714251736045,3.8504245168142655,-0.4293082552394562,-0.2794905965829527,0.8419539017285691,-9.338714251736045,5.488289734921778,99.7594318490384,291.7487404599166,414.7072175099055,0.0249868407572858,16.008928721427996,24.25088689003129,0.3049672727571424,0.1449509945998588,0.002684823992524,48.09278782233866,109.62963407337422,3.977781234174375,5.593187092255794,1.75,1.9406961494453592,5.1308775286853425,3.9600027069450903,-0.2022320812325086,-0.0387799675374803,0.2725746134977361,-0.0141442718023909,0.2481846935469328,0.0034924605067402,78.86121094785643,4.785484163215084,1.8453480747226796,4.545440117815216,-0.1205060243849945,0.1292151708476726,0.1258385770268365,1.6228617614773346,555.2509425602248,3.8122528299890255,1038.4607877438036,2.71755729573318,796.8558651520142,88.45215663,0.074533926,0.079617646,0.056682288
37_acid_chloride.sdf,37,0,9.849568600843204,5.753832581188881,-0.4421623146920779,-0.3133097136398014,1.617718303481897,-9.849568600843204,4.095736019654323,103.51945908189708,309.38833781762975,444.2354389125468,0.034525576420062,17.248369017358755,24.482333268572095,0.3206015127825811,0.0494146051844861,-0.0008817211425394,53.1434613988267,124.1520202008409,3.9403533757334057,6.8692117938418935,2.0191961178338316,2.0887106250717897,5.926111707406436,3.823570723980012,-0.1374631076239745,-0.035307285977917,0.1860364015183666,0.0526708034058813,0.273585984790745,0.0292812611093806,88.6477407998338,5.404782584787649,2.0539533714528107,4.874841215693224,-0.0863851968009458,0.1193536024621239,0.1514336229500628,1.9481209445501468,608.3541829580345,4.132679333387424,1081.2225846523306,3.040400138968786,844.7883838051825,,,,
38_acid_chloride.sdf,38,0,9.310730719608266,6.024453643055846,-0.4285904430712939,-0.3193617192645753,1.691146704026842,-9.310730719608266,3.2862770765524196,98.72294033644786,326.89890046450375,473.4909059501326,0.0513135423265233,18.04575408009157,24.49214951110067,0.3097003365862257,0.0485881363793926,-0.0034266497511195,53.34427509248703,118.32005584745563,3.9365502036047015,6.863566883897115,1.8872397626290984,1.9335209938907985,5.8265871136199845,4.6617877681828235,-0.1325703525071563,-0.0162259518185565,0.1805129616942782,0.0518409402187693,0.2207031794487628,0.0309030507148156,85.83216546997133,5.400058543750909,1.910380378259948,5.244187440901404,-0.0743981521628564,0.1161769509565237,0.1258031150817892,1.9772413093130503,612.8841336033338,4.106670625199381,1077.8149179953016,3.041955967256216,845.3495257993177,,,,
39_acid_chloride.sdf,39,0,8.624267798831983,5.094963399288475,-0.4004651741779599,-0.2880472452987177,1.1750950792246664,-8.624267798831983,3.5293043995435083,100.55745710040728,355.77970469003924,530.198456615136,0.073883814381667,17.739586242589795,25.087038657273567,0.3092564695219033,0.0566863803565882,-0.0069891587844778,55.71952456281305,120.92122072314952,4.471236563469535,6.83293310913444,2.135412126931393,2.1084582214494505,6.445635209327161,6.220463564292384,-0.173683756922013,-0.0297094702425875,0.1837525754333786,0.0417519326638599,0.1774298141509722,0.0420262526144681,88.32037264298128,5.652084836301988,2.1219351741904218,6.333049386809773,-0.1016966135823003,0.1127522540486193,0.1097280333827201,1.7427466503993707,575.394450737788,4.115894525556499,1079.0246669794744,2.9293205879779345,827.2095588586312,,,,
40_acid_chloride.sdf,40,2,8.50770687864604,4.7850416949539945,-0.3919726984643306,-0.2947238271614275,1.0408208270496362,-8.50770687864604,3.7226651836920457,96.81834796063823,338.63955186620944,490.4398285801487,0.0175425228018488,17.417701090565934,23.84829557188388,0.2942836262211867,0.0848422798501205,0.0024118916351146,44.43735105492807,87.43030778201809,3.956061983986153,4.909242793902241,1.75,1.884715389834429,5.676848201222276,7.14878505505863,-0.1741812811198732,0.0576733959568963,0.1995615814784493,-0.0293851966145161,0.1535912419963971,-0.0229413476195439,65.93382941847308,4.432652388944197,1.8173576949172143,6.412816628140453,-0.0582539425814884,0.0850881924319665,0.0653249471884265,1.7874042360739046,582.720010857211,3.5141445670163503,997.0319289600394,2.6507744015451276,789.8759699086252,78.51083289,0.092082201,0.072159067,0.054197989
41_acid_chloride.sdf,41,2,8.732193292009777,4.842833286924015,-0.3998380675510637,-0.2854607086726311,1.0903372180907682,-8.732193292009777,3.889360005085762,94.59370876055746,313.74950048137106,446.28404247015703,0.0069524638115946,17.625082360899555,24.53165446090306,0.3086662842275011,0.0669681865901359,0.0029518307789233,43.20318356264066,92.761283805907,3.9646992781174513,5.138278288369477,2.049139313533896,2.3713517115942313,3.814032084568189,5.742499268346695,-0.185406090829336,-0.086252299117132,0.1820827026283541,-0.0307872309655097,0.1962056851430088,-0.0126871212840629,67.98223368427384,4.551488783243464,2.2102455125640637,4.778265676457442,-0.135829194973234,0.0756477358314221,0.0917592819294729,1.7176132189099833,571.2302892741222,3.6493494971223983,1016.0310571649668,2.683481358016191,793.6306732195445,81.1433749,0.099354615,0.072067721,0.05264622
42_acid_chloride.sdf,42,1,9.088671558845318,3.935006817136776,-0.4252695838363454,-0.2818785120062398,0.8359583214584224,-9.088671558845318,5.153664741708543,98.15606001371924,312.5282337387316,454.1465127563355,0.0,16.267924865119603,24.42077187242709,0.3006132622959734,0.1419683031515449,0.0031609238295605,53.30662252492572,114.87484591559571,3.9740213869360193,6.807250351483843,2.080694733071483,2.291795287931893,6.353301077482147,3.4870527098186868,-0.1917819287657615,-0.0347289475394568,0.2761407962414126,-0.0086599145845203,0.2074519445715991,0.007015395209794,84.09073422026071,5.390635869209931,2.186245010501688,4.920176893650417,-0.1132554381526091,0.1337404408284461,0.1072336698906966,1.6252615166807058,555.6613207416917,3.748923552082275,1029.799191875966,2.6870925343814904,792.7302563088289,94.46401658,0.07239292,0.063344963,0.045248173
43_acid_chloride.sdf,43,1,9.020791736240897,4.060147047111081,-0.4082429751426699,-0.2882107948112742,0.8643911719459363,-9.020791736240897,4.960644689129814,105.4250973623612,296.37802411958756,429.26078899948095,0.0207178797100215,16.14564834453681,25.09042666412351,0.3021060220660011,0.1468254297070872,-0.0030465444069922,49.09894809994925,112.56862615246544,3.975582931559122,4.655997116194838,1.8585670506080625,1.985529369169285,5.154364675321961,4.449619547550436,-0.192892844372382,-0.03214232561432,0.2756874678751068,-0.0125315817366608,0.1910878750074522,-0.0060560315617346,80.83378712620734,4.31579002387698,1.9220482098886735,4.801992111436199,-0.112517584993351,0.1315779430692229,0.0925159217228588,1.6378479741310257,557.8087656914113,3.63655090260734,1014.2478364968032,2.6371994383691826,786.0283010941073,86.69503681,0.079562639,0.083662706,0.072733027
44_acid_chloride.sdf,44,0,9.209205211570907,6.213071717010581,-0.4248589078556519,-0.3229415419876884,1.7829592187450458,-9.209205211570907,2.9961334945603264,96.41985828728104,307.4191351503814,436.87542917964777,0.0,18.398609853107764,24.108229565690657,0.2983920337341451,0.0421715414890948,-0.0029636318245951,48.6094647216522,114.2190636972362,3.947976632217449,7.398810764895955,1.75,1.776491047796206,5.8486268566540085,3.3967809593091087,-0.1682893272400494,-0.0137059736702206,0.1626554350066584,0.0109280377301647,0.2276423262942267,0.025033168942721,81.41426420944421,5.673393698556702,1.763245523898103,4.622703907981559,-0.090997650455135,0.0867917363684116,0.1263377476184739,1.83473364865197,590.3846451402859,4.519056477087064,1130.636857772703,3.176895062869517,860.5107514564945,,,,
45_acid_chloride.sdf,45,2,8.738563082827312,4.86120802349082,-0.4124883630943353,-0.2902029699900932,1.0980366507579518,-8.738563082827312,3.877355059336492,94.56756114419544,363.1692441762344,538.3771906121307,0.0482500342822255,17.60503032711919,24.69778798508542,0.2865288745305667,0.0750116058547122,0.003723766845732,52.082914079183126,91.65053306284834,3.950284147016798,7.668427537494412,1.7954151963066205,2.0382578239773443,7.020694056204098,6.38649487396173,-0.1422452022018509,0.0611183854632655,0.1853408882866039,-0.0227956905711878,0.1501347054466453,-0.0143078370212485,71.86672357101574,5.809355842255605,1.9168365101419824,6.703594465082914,-0.0405634083692927,0.081272598857708,0.0679134342126984,1.8205012968355303,588.090328324684,3.3820452868573083,978.1128484539336,2.601273291846419,783.1015883893089,84.16080983,0.084098926,0.057319027,0.050602378
46_acid_chloride.sdf,46,2,10.098750027944051,4.663459904222171,-0.4451097971004151,-0.2951590637254723,1.1955116798999017,-10.098750027944051,5.435290123721882,94.05820557746326,288.57678643127645,398.34550874018817,0.0180484970254437,15.576618867301056,22.839490878078937,0.313246698258754,0.0902591163828276,0.0022565334840841,51.590292986922634,87.08725105534836,3.9542758020879183,5.067069512767763,1.75,1.7826347203379067,5.813949341137448,5.449854244941166,-0.1592744441056295,-0.11825011184794,0.217301038788886,-0.0275137608304034,0.2848719643659486,0.009509882084163,69.3387720211355,4.510672657427841,1.7663173601689532,5.631901793039307,-0.1387622779767847,0.0948936389792413,0.1471909232250558,1.8046808839010096,585.5294586724301,3.8662502528393135,1045.7893991214771,2.8354655683701617,815.6594288969536,74.94063735,0.117646368,0.081588203,0.064845323
